shape_class,shape_src,texture_class,texture_src
airplane,ILSVRC2012_val_00023316,truck,ILSVRC2012_val_00007519
knife,ILSVRC2012_val_00027812,bird,ILSVRC2012_val_00023338
dog,ILSVRC2012_val_00014719,boat,ILSVRC2012_val_00046269
truck,ILSVRC2012_val_00002210,bird,ILSVRC2012_val_00009374
keyboard,ILSVRC2012_val_00036957,bird,ILSVRC2012_val_00046041
airplane,ILSVRC2012_val_00046971,chair,ILSVRC2012_val_00037803
bird,ILSVRC2012_val_00038681,knife,ILSVRC2012_val_00045197
bottle,ILSVRC2012_val_00037427,bear,ILSVRC2012_val_00033782
bird,ILSVRC2012_val_00006221,cat,ILSVRC2012_val_00017814
truck,ILSVRC2012_val_00019954,knife,ILSVRC2012_val_00009160
cat,ILSVRC2012_val_00041579,truck,ILSVRC2012_val_00021802
clock,ILSVRC2012_val_00042585,boat,ILSVRC2012_val_00000571
airplane,ILSVRC2012_val_00010597,cat,ILSVRC2012_val_00040611
bear,ILSVRC2012_val_00030704,bottle,ILSVRC2012_val_00016679
boat,ILSVRC2012_val_00019275,airplane,ILSVRC2012_val_00041518
elephant,ILSVRC2012_val_00001177,oven,ILSVRC2012_val_00010756
clock,ILSVRC2012_val_00044685,chair,ILSVRC2012_val_00007686
car,ILSVRC2012_val_00000175,bicycle,ILSVRC2012_val_00018015
boat,ILSVRC2012_val_00032860,bear,ILSVRC2012_val_00040376
bird,ILSVRC2012_val_00026711,bear,ILSVRC2012_val_00012507
oven,ILSVRC2012_val_00038382,chair,ILSVRC2012_val_00041883
oven,ILSVRC2012_val_00048848,knife,ILSVRC2012_val_00038348
bottle,ILSVRC2012_val_00005388,cat,ILSVRC2012_val_00040745
bear,ILSVRC2012_val_00042687,elephant,ILSVRC2012_val_00016215
car,ILSVRC2012_val_00025260,clock,ILSVRC2012_val_00007256
airplane,ILSVRC2012_val_00023316,elephant,ILSVRC2012_val_00047540
bicycle,ILSVRC2012_val_00027449,chair,ILSVRC2012_val_00044194
keyboard,ILSVRC2012_val_00015382,knife,ILSVRC2012_val_00039826
bottle,ILSVRC2012_val_00025387,chair,ILSVRC2012_val_00044194
boat,ILSVRC2012_val_00020894,bottle,ILSVRC2012_val_00017570
airplane,ILSVRC2012_val_00015498,elephant,ILSVRC2012_val_00003538
keyboard,ILSVRC2012_val_00047453,dog,ILSVRC2012_val_00018866
boat,ILSVRC2012_val_00039041,knife,ILSVRC2012_val_00028494
truck,ILSVRC2012_val_00020483,elephant,ILSVRC2012_val_00010619
keyboard,ILSVRC2012_val_00048307,airplane,ILSVRC2012_val_00048111
truck,ILSVRC2012_val_00021253,oven,ILSVRC2012_val_00039873
clock,ILSVRC2012_val_00017973,bear,ILSVRC2012_val_00047527
bird,ILSVRC2012_val_00026090,car,ILSVRC2012_val_00041064
bottle,ILSVRC2012_val_00005664,truck,ILSVRC2012_val_00026743
truck,ILSVRC2012_val_00033589,oven,ILSVRC2012_val_00002517
bear,ILSVRC2012_val_00009976,bird,ILSVRC2012_val_00047914
elephant,ILSVRC2012_val_00030840,boat,ILSVRC2012_val_00026054
airplane,ILSVRC2012_val_00018685,cat,ILSVRC2012_val_00039979
bear,ILSVRC2012_val_00032576,airplane,ILSVRC2012_val_00032804
car,ILSVRC2012_val_00010455,clock,ILSVRC2012_val_00014353
cat,ILSVRC2012_val_00032637,bird,ILSVRC2012_val_00040664
bottle,ILSVRC2012_val_00005388,bear,ILSVRC2012_val_00043730
truck,ILSVRC2012_val_00047676,clock,ILSVRC2012_val_00009413
car,ILSVRC2012_val_00033293,chair,ILSVRC2012_val_00000804
chair,ILSVRC2012_val_00045844,airplane,ILSVRC2012_val_00026189
keyboard,ILSVRC2012_val_00007856,bird,ILSVRC2012_val_00030010
truck,ILSVRC2012_val_00019954,airplane,ILSVRC2012_val_00034342
dog,ILSVRC2012_val_00041043,car,ILSVRC2012_val_00036091
boat,ILSVRC2012_val_00012673,chair,ILSVRC2012_val_00002253
boat,ILSVRC2012_val_00012673,bicycle,ILSVRC2012_val_00036903
clock,ILSVRC2012_val_00042585,chair,ILSVRC2012_val_00025634
car,ILSVRC2012_val_00013805,elephant,ILSVRC2012_val_00003538
elephant,ILSVRC2012_val_00023463,chair,ILSVRC2012_val_00019913
dog,ILSVRC2012_val_00047585,airplane,ILSVRC2012_val_00036394
car,ILSVRC2012_val_00000175,bird,ILSVRC2012_val_00047914
dog,ILSVRC2012_val_00040131,bear,ILSVRC2012_val_00047020
cat,ILSVRC2012_val_00049279,bicycle,ILSVRC2012_val_00024105
bicycle,ILSVRC2012_val_00049382,clock,ILSVRC2012_val_00034426
cat,ILSVRC2012_val_00020973,clock,ILSVRC2012_val_00015628
dog,ILSVRC2012_val_00024389,airplane,ILSVRC2012_val_00023863
airplane,ILSVRC2012_val_00015498,clock,ILSVRC2012_val_00017378
cat,ILSVRC2012_val_00023906,knife,ILSVRC2012_val_00008526
bottle,ILSVRC2012_val_00020102,clock,ILSVRC2012_val_00033502
clock,ILSVRC2012_val_00006740,bear,ILSVRC2012_val_00045952
knife,ILSVRC2012_val_00048820,bird,ILSVRC2012_val_00038488
bottle,ILSVRC2012_val_00020102,bicycle,ILSVRC2012_val_00042393
elephant,ILSVRC2012_val_00040923,airplane,ILSVRC2012_val_00039213
cat,ILSVRC2012_val_00011015,truck,ILSVRC2012_val_00042157
elephant,ILSVRC2012_val_00003747,truck,ILSVRC2012_val_00016410
clock,ILSVRC2012_val_00044685,bottle,ILSVRC2012_val_00035507
bottle,ILSVRC2012_val_00037427,clock,ILSVRC2012_val_00008751
elephant,ILSVRC2012_val_00001177,bear,ILSVRC2012_val_00039227
bottle,ILSVRC2012_val_00000858,bird,ILSVRC2012_val_00023338
cat,ILSVRC2012_val_00027448,bear,ILSVRC2012_val_00048105
bear,ILSVRC2012_val_00028222,cat,ILSVRC2012_val_00040745
boat,ILSVRC2012_val_00022927,bird,ILSVRC2012_val_00026023
boat,ILSVRC2012_val_00023545,car,ILSVRC2012_val_00036091
car,ILSVRC2012_val_00014447,elephant,ILSVRC2012_val_00046061
airplane,ILSVRC2012_val_00035783,clock,ILSVRC2012_val_00014635
keyboard,ILSVRC2012_val_00046306,chair,ILSVRC2012_val_00007686
oven,ILSVRC2012_val_00022348,clock,ILSVRC2012_val_00007256
airplane,ILSVRC2012_val_00049097,bicycle,ILSVRC2012_val_00037438
dog,ILSVRC2012_val_00013090,bird,ILSVRC2012_val_00047914
chair,ILSVRC2012_val_00039872,cat,ILSVRC2012_val_00046572
cat,ILSVRC2012_val_00028213,keyboard,ILSVRC2012_val_00001687
chair,ILSVRC2012_val_00042389,bear,ILSVRC2012_val_00012997
car,ILSVRC2012_val_00013805,cat,ILSVRC2012_val_00015401
bear,ILSVRC2012_val_00030485,clock,ILSVRC2012_val_00018443
truck,ILSVRC2012_val_00043256,bear,ILSVRC2012_val_00045952
bicycle,ILSVRC2012_val_00049750,oven,ILSVRC2012_val_00014839
truck,ILSVRC2012_val_00004211,keyboard,ILSVRC2012_val_00013404
airplane,ILSVRC2012_val_00014425,truck,ILSVRC2012_val_00001156
truck,ILSVRC2012_val_00017152,bicycle,ILSVRC2012_val_00010544
boat,ILSVRC2012_val_00019275,bear,ILSVRC2012_val_00047020
car,ILSVRC2012_val_00031953,elephant,ILSVRC2012_val_00005704
oven,ILSVRC2012_val_00048271,boat,ILSVRC2012_val_00000571
oven,ILSVRC2012_val_00028472,chair,ILSVRC2012_val_00020924
truck,ILSVRC2012_val_00032380,knife,ILSVRC2012_val_00045197
bird,ILSVRC2012_val_00045323,knife,ILSVRC2012_val_00004379
truck,ILSVRC2012_val_00047676,car,ILSVRC2012_val_00041064
bird,ILSVRC2012_val_00002265,bicycle,ILSVRC2012_val_00000953
keyboard,ILSVRC2012_val_00007856,chair,ILSVRC2012_val_00037803
oven,ILSVRC2012_val_00038011,cat,ILSVRC2012_val_00011738
truck,ILSVRC2012_val_00017152,cat,ILSVRC2012_val_00010823
oven,ILSVRC2012_val_00041628,bear,ILSVRC2012_val_00011036
cat,ILSVRC2012_val_00041579,bottle,ILSVRC2012_val_00030909
bottle,ILSVRC2012_val_00003340,bird,ILSVRC2012_val_00038488
cat,ILSVRC2012_val_00023864,chair,ILSVRC2012_val_00019913
airplane,ILSVRC2012_val_00023781,car,ILSVRC2012_val_00014010
chair,ILSVRC2012_val_00007063,airplane,ILSVRC2012_val_00032804
oven,ILSVRC2012_val_00038011,knife,ILSVRC2012_val_00040170
clock,ILSVRC2012_val_00006740,dog,ILSVRC2012_val_00012041
knife,ILSVRC2012_val_00029833,keyboard,ILSVRC2012_val_00020967
clock,ILSVRC2012_val_00042585,bicycle,ILSVRC2012_val_00040027
oven,ILSVRC2012_val_00021187,bird,ILSVRC2012_val_00028791
truck,ILSVRC2012_val_00044888,boat,ILSVRC2012_val_00011636
dog,ILSVRC2012_val_00049417,boat,ILSVRC2012_val_00012066
oven,ILSVRC2012_val_00019775,airplane,ILSVRC2012_val_00024747
clock,ILSVRC2012_val_00017368,chair,ILSVRC2012_val_00007693
car,ILSVRC2012_val_00007125,cat,ILSVRC2012_val_00009921
truck,ILSVRC2012_val_00043346,dog,ILSVRC2012_val_00029609
dog,ILSVRC2012_val_00040088,elephant,ILSVRC2012_val_00021618
clock,ILSVRC2012_val_00016885,bicycle,ILSVRC2012_val_00005546
keyboard,ILSVRC2012_val_00025409,oven,ILSVRC2012_val_00037357
keyboard,ILSVRC2012_val_00037986,car,ILSVRC2012_val_00001247
oven,ILSVRC2012_val_00024603,car,ILSVRC2012_val_00016638
car,ILSVRC2012_val_00005978,truck,ILSVRC2012_val_00038712
airplane,ILSVRC2012_val_00047829,cat,ILSVRC2012_val_00002472
knife,ILSVRC2012_val_00010577,oven,ILSVRC2012_val_00007052
clock,ILSVRC2012_val_00010270,keyboard,ILSVRC2012_val_00028754
boat,ILSVRC2012_val_00045783,oven,ILSVRC2012_val_00028507
keyboard,ILSVRC2012_val_00046306,bear,ILSVRC2012_val_00012997
clock,ILSVRC2012_val_00010270,boat,ILSVRC2012_val_00042203
elephant,ILSVRC2012_val_00039678,chair,ILSVRC2012_val_00014679
car,ILSVRC2012_val_00025260,truck,ILSVRC2012_val_00020382
knife,ILSVRC2012_val_00011081,keyboard,ILSVRC2012_val_00029239
dog,ILSVRC2012_val_00043763,bear,ILSVRC2012_val_00038821
boat,ILSVRC2012_val_00014119,bear,ILSVRC2012_val_00003044
bear,ILSVRC2012_val_00048940,car,ILSVRC2012_val_00001247
chair,ILSVRC2012_val_00005926,dog,ILSVRC2012_val_00009985
truck,ILSVRC2012_val_00045071,bird,ILSVRC2012_val_00014599
bear,ILSVRC2012_val_00042687,bicycle,ILSVRC2012_val_00017103
car,ILSVRC2012_val_00046196,truck,ILSVRC2012_val_00001156
bird,ILSVRC2012_val_00020610,oven,ILSVRC2012_val_00019568
dog,ILSVRC2012_val_00007945,chair,ILSVRC2012_val_00020924
bicycle,ILSVRC2012_val_00045152,keyboard,ILSVRC2012_val_00045117
bottle,ILSVRC2012_val_00032981,airplane,ILSVRC2012_val_00023863
truck,ILSVRC2012_val_00033387,clock,ILSVRC2012_val_00019663
bottle,ILSVRC2012_val_00005388,boat,ILSVRC2012_val_00042163
keyboard,ILSVRC2012_val_00011774,bicycle,ILSVRC2012_val_00036678
bird,ILSVRC2012_val_00010845,truck,ILSVRC2012_val_00008012
bottle,ILSVRC2012_val_00015556,knife,ILSVRC2012_val_00019358
bird,ILSVRC2012_val_00002681,bear,ILSVRC2012_val_00048979
oven,ILSVRC2012_val_00045813,airplane,ILSVRC2012_val_00022532
cat,ILSVRC2012_val_00025650,oven,ILSVRC2012_val_00020361
truck,ILSVRC2012_val_00019954,oven,ILSVRC2012_val_00017795
airplane,ILSVRC2012_val_00001390,bottle,ILSVRC2012_val_00011758
clock,ILSVRC2012_val_00013244,bottle,ILSVRC2012_val_00035061
clock,ILSVRC2012_val_00032136,oven,ILSVRC2012_val_00015514
keyboard,ILSVRC2012_val_00012808,elephant,ILSVRC2012_val_00003538
bear,ILSVRC2012_val_00046207,clock,ILSVRC2012_val_00014353
chair,ILSVRC2012_val_00042822,bottle,ILSVRC2012_val_00027970
chair,ILSVRC2012_val_00042512,truck,ILSVRC2012_val_00048444
elephant,ILSVRC2012_val_00040258,airplane,ILSVRC2012_val_00046862
chair,ILSVRC2012_val_00001616,bear,ILSVRC2012_val_00028217
bottle,ILSVRC2012_val_00017913,dog,ILSVRC2012_val_00037323
bicycle,ILSVRC2012_val_00011821,airplane,ILSVRC2012_val_00033161
keyboard,ILSVRC2012_val_00001071,bear,ILSVRC2012_val_00048105
oven,ILSVRC2012_val_00004891,boat,ILSVRC2012_val_00012066
knife,ILSVRC2012_val_00010577,car,ILSVRC2012_val_00031558
boat,ILSVRC2012_val_00045522,airplane,ILSVRC2012_val_00019677
dog,ILSVRC2012_val_00001070,bicycle,ILSVRC2012_val_00049001
bear,ILSVRC2012_val_00032453,clock,ILSVRC2012_val_00047294
airplane,ILSVRC2012_val_00028019,car,ILSVRC2012_val_00049427
bicycle,ILSVRC2012_val_00018975,chair,ILSVRC2012_val_00041883
car,ILSVRC2012_val_00005456,bottle,ILSVRC2012_val_00049951
cat,ILSVRC2012_val_00024760,bird,ILSVRC2012_val_00030010
boat,ILSVRC2012_val_00012673,elephant,ILSVRC2012_val_00033832
dog,ILSVRC2012_val_00041503,bicycle,ILSVRC2012_val_00018074
boat,ILSVRC2012_val_00022635,bird,ILSVRC2012_val_00005873
knife,ILSVRC2012_val_00048820,oven,ILSVRC2012_val_00035817
chair,ILSVRC2012_val_00039260,cat,ILSVRC2012_val_00011738
elephant,ILSVRC2012_val_00025043,knife,ILSVRC2012_val_00012885
dog,ILSVRC2012_val_00040088,keyboard,ILSVRC2012_val_00008632
cat,ILSVRC2012_val_00035566,elephant,ILSVRC2012_val_00035479
bear,ILSVRC2012_val_00017155,elephant,ILSVRC2012_val_00046061
truck,ILSVRC2012_val_00021253,bicycle,ILSVRC2012_val_00027620
truck,ILSVRC2012_val_00042802,bicycle,ILSVRC2012_val_00040237
truck,ILSVRC2012_val_00042487,dog,ILSVRC2012_val_00046836
chair,ILSVRC2012_val_00028185,bicycle,ILSVRC2012_val_00011330
cat,ILSVRC2012_val_00028628,bicycle,ILSVRC2012_val_00030070
bottle,ILSVRC2012_val_00019274,chair,ILSVRC2012_val_00002466
bottle,ILSVRC2012_val_00040265,chair,ILSVRC2012_val_00020924
keyboard,ILSVRC2012_val_00025409,bicycle,ILSVRC2012_val_00012325
bicycle,ILSVRC2012_val_00029848,cat,ILSVRC2012_val_00015401
bottle,ILSVRC2012_val_00032981,keyboard,ILSVRC2012_val_00032961
keyboard,ILSVRC2012_val_00015382,boat,ILSVRC2012_val_00017176
chair,ILSVRC2012_val_00022126,truck,ILSVRC2012_val_00033804
cat,ILSVRC2012_val_00028628,bottle,ILSVRC2012_val_00012544
oven,ILSVRC2012_val_00020809,boat,ILSVRC2012_val_00046269
airplane,ILSVRC2012_val_00012263,dog,ILSVRC2012_val_00004539
bicycle,ILSVRC2012_val_00028824,oven,ILSVRC2012_val_00007132
oven,ILSVRC2012_val_00005817,knife,ILSVRC2012_val_00029248
bottle,ILSVRC2012_val_00025387,dog,ILSVRC2012_val_00000462
boat,ILSVRC2012_val_00043328,truck,ILSVRC2012_val_00030438
airplane,ILSVRC2012_val_00010597,bottle,ILSVRC2012_val_00026293
bicycle,ILSVRC2012_val_00022027,car,ILSVRC2012_val_00016314
bear,ILSVRC2012_val_00046207,chair,ILSVRC2012_val_00049050
clock,ILSVRC2012_val_00042316,bird,ILSVRC2012_val_00038488
airplane,ILSVRC2012_val_00018616,elephant,ILSVRC2012_val_00021618
bear,ILSVRC2012_val_00030485,boat,ILSVRC2012_val_00043502
bird,ILSVRC2012_val_00026711,keyboard,ILSVRC2012_val_00015326
cat,ILSVRC2012_val_00049279,bear,ILSVRC2012_val_00005415
chair,ILSVRC2012_val_00027119,bicycle,ILSVRC2012_val_00000953
airplane,ILSVRC2012_val_00012263,bottle,ILSVRC2012_val_00022396
dog,ILSVRC2012_val_00042319,boat,ILSVRC2012_val_00027088
bear,ILSVRC2012_val_00000871,dog,ILSVRC2012_val_00017057
bottle,ILSVRC2012_val_00006632,truck,ILSVRC2012_val_00030038
bear,ILSVRC2012_val_00012603,airplane,ILSVRC2012_val_00009537
keyboard,ILSVRC2012_val_00015382,oven,ILSVRC2012_val_00019568
bottle,ILSVRC2012_val_00019274,bird,ILSVRC2012_val_00046356
keyboard,ILSVRC2012_val_00046306,knife,ILSVRC2012_val_00009369
bottle,ILSVRC2012_val_00003201,dog,ILSVRC2012_val_00018866
elephant,ILSVRC2012_val_00034981,bird,ILSVRC2012_val_00012123
cat,ILSVRC2012_val_00027448,truck,ILSVRC2012_val_00030438
dog,ILSVRC2012_val_00032209,bear,ILSVRC2012_val_00033782
boat,ILSVRC2012_val_00019275,bottle,ILSVRC2012_val_00030522
boat,ILSVRC2012_val_00023856,truck,ILSVRC2012_val_00033376
airplane,ILSVRC2012_val_00037801,keyboard,ILSVRC2012_val_00035446
airplane,ILSVRC2012_val_00047829,chair,ILSVRC2012_val_00044295
bicycle,ILSVRC2012_val_00011821,bottle,ILSVRC2012_val_00006274
elephant,ILSVRC2012_val_00043193,car,ILSVRC2012_val_00014010
knife,ILSVRC2012_val_00027474,oven,ILSVRC2012_val_00033304
knife,ILSVRC2012_val_00048891,dog,ILSVRC2012_val_00049397
oven,ILSVRC2012_val_00013982,elephant,ILSVRC2012_val_00023398
car,ILSVRC2012_val_00038344,bottle,ILSVRC2012_val_00026293
airplane,ILSVRC2012_val_00037801,boat,ILSVRC2012_val_00017176
chair,ILSVRC2012_val_00005926,oven,ILSVRC2012_val_00046020
truck,ILSVRC2012_val_00043346,car,ILSVRC2012_val_00014208
bottle,ILSVRC2012_val_00008501,bicycle,ILSVRC2012_val_00043435
boat,ILSVRC2012_val_00023545,knife,ILSVRC2012_val_00026439
truck,ILSVRC2012_val_00042802,oven,ILSVRC2012_val_00017971
airplane,ILSVRC2012_val_00018685,knife,ILSVRC2012_val_00008526
dog,ILSVRC2012_val_00040088,boat,ILSVRC2012_val_00023020
clock,ILSVRC2012_val_00024425,elephant,ILSVRC2012_val_00002282
truck,ILSVRC2012_val_00008879,oven,ILSVRC2012_val_00029341
oven,ILSVRC2012_val_00004125,clock,ILSVRC2012_val_00041613
bear,ILSVRC2012_val_00029278,boat,ILSVRC2012_val_00032371
truck,ILSVRC2012_val_00038049,oven,ILSVRC2012_val_00002864
car,ILSVRC2012_val_00025004,boat,ILSVRC2012_val_00039286
bicycle,ILSVRC2012_val_00019513,elephant,ILSVRC2012_val_00048547
bottle,ILSVRC2012_val_00000858,cat,ILSVRC2012_val_00039979
boat,ILSVRC2012_val_00008477,clock,ILSVRC2012_val_00018976
bird,ILSVRC2012_val_00013713,cat,ILSVRC2012_val_00016598
car,ILSVRC2012_val_00019496,keyboard,ILSVRC2012_val_00008319
chair,ILSVRC2012_val_00045844,oven,ILSVRC2012_val_00034788
elephant,ILSVRC2012_val_00045103,bird,ILSVRC2012_val_00007973
bicycle,ILSVRC2012_val_00003873,car,ILSVRC2012_val_00015651
keyboard,ILSVRC2012_val_00001330,bird,ILSVRC2012_val_00020025
car,ILSVRC2012_val_00005456,chair,ILSVRC2012_val_00001289
clock,ILSVRC2012_val_00017368,bird,ILSVRC2012_val_00005287
clock,ILSVRC2012_val_00003134,elephant,ILSVRC2012_val_00025237
car,ILSVRC2012_val_00022739,bicycle,ILSVRC2012_val_00027620
knife,ILSVRC2012_val_00046361,bottle,ILSVRC2012_val_00018919
oven,ILSVRC2012_val_00004891,knife,ILSVRC2012_val_00000582
dog,ILSVRC2012_val_00001070,knife,ILSVRC2012_val_00045197
bicycle,ILSVRC2012_val_00019513,knife,ILSVRC2012_val_00010886
bottle,ILSVRC2012_val_00021446,knife,ILSVRC2012_val_00012885
cat,ILSVRC2012_val_00025650,bottle,ILSVRC2012_val_00030379
bird,ILSVRC2012_val_00035647,car,ILSVRC2012_val_00016638
keyboard,ILSVRC2012_val_00025409,bear,ILSVRC2012_val_00015955
clock,ILSVRC2012_val_00024278,bicycle,ILSVRC2012_val_00048885
boat,ILSVRC2012_val_00047650,clock,ILSVRC2012_val_00006858
elephant,ILSVRC2012_val_00021807,knife,ILSVRC2012_val_00022700
bicycle,ILSVRC2012_val_00018042,boat,ILSVRC2012_val_00015044
bottle,ILSVRC2012_val_00029711,cat,ILSVRC2012_val_00035163
oven,ILSVRC2012_val_00049391,keyboard,ILSVRC2012_val_00013266
airplane,ILSVRC2012_val_00000631,clock,ILSVRC2012_val_00008751
airplane,ILSVRC2012_val_00033441,elephant,ILSVRC2012_val_00048108
boat,ILSVRC2012_val_00022927,cat,ILSVRC2012_val_00040611
oven,ILSVRC2012_val_00021187,knife,ILSVRC2012_val_00010886
bird,ILSVRC2012_val_00032982,cat,ILSVRC2012_val_00011738
bicycle,ILSVRC2012_val_00022027,cat,ILSVRC2012_val_00046572
car,ILSVRC2012_val_00008392,chair,ILSVRC2012_val_00024982
elephant,ILSVRC2012_val_00045103,chair,ILSVRC2012_val_00017447
airplane,ILSVRC2012_val_00043242,oven,ILSVRC2012_val_00029125
bicycle,ILSVRC2012_val_00030112,cat,ILSVRC2012_val_00009921
bird,ILSVRC2012_val_00024808,elephant,ILSVRC2012_val_00023398
chair,ILSVRC2012_val_00045464,boat,ILSVRC2012_val_00017176
boat,ILSVRC2012_val_00045522,clock,ILSVRC2012_val_00041652
bicycle,ILSVRC2012_val_00045152,truck,ILSVRC2012_val_00016527
airplane,ILSVRC2012_val_00049097,clock,ILSVRC2012_val_00032489
oven,ILSVRC2012_val_00025917,bottle,ILSVRC2012_val_00036242
truck,ILSVRC2012_val_00044888,elephant,ILSVRC2012_val_00033854
bicycle,ILSVRC2012_val_00026795,bear,ILSVRC2012_val_00012997
truck,ILSVRC2012_val_00048418,knife,ILSVRC2012_val_00026439
bird,ILSVRC2012_val_00019868,car,ILSVRC2012_val_00029094
cat,ILSVRC2012_val_00023906,bicycle,ILSVRC2012_val_00036678
car,ILSVRC2012_val_00042416,bottle,ILSVRC2012_val_00011758
boat,ILSVRC2012_val_00042757,truck,ILSVRC2012_val_00022323
airplane,ILSVRC2012_val_00033920,truck,ILSVRC2012_val_00036699
bear,ILSVRC2012_val_00018369,airplane,ILSVRC2012_val_00030531
bird,ILSVRC2012_val_00039988,chair,ILSVRC2012_val_00044295
boat,ILSVRC2012_val_00000901,cat,ILSVRC2012_val_00002472
airplane,ILSVRC2012_val_00030319,truck,ILSVRC2012_val_00026743
boat,ILSVRC2012_val_00039559,car,ILSVRC2012_val_00018335
bottle,ILSVRC2012_val_00037427,truck,ILSVRC2012_val_00005130
bottle,ILSVRC2012_val_00038095,knife,ILSVRC2012_val_00026505
bicycle,ILSVRC2012_val_00019203,boat,ILSVRC2012_val_00000571
chair,ILSVRC2012_val_00045464,bear,ILSVRC2012_val_00043182
truck,ILSVRC2012_val_00039069,chair,ILSVRC2012_val_00024982
airplane,ILSVRC2012_val_00046971,bicycle,ILSVRC2012_val_00036678
oven,ILSVRC2012_val_00038011,elephant,ILSVRC2012_val_00002282
car,ILSVRC2012_val_00038344,bicycle,ILSVRC2012_val_00037438
bottle,ILSVRC2012_val_00009260,clock,ILSVRC2012_val_00014635
clock,ILSVRC2012_val_00017973,bottle,ILSVRC2012_val_00012891
bottle,ILSVRC2012_val_00032981,chair,ILSVRC2012_val_00012040
clock,ILSVRC2012_val_00044685,airplane,ILSVRC2012_val_00022532
cat,ILSVRC2012_val_00024500,dog,ILSVRC2012_val_00024967
chair,ILSVRC2012_val_00002914,airplane,ILSVRC2012_val_00044253
bottle,ILSVRC2012_val_00006865,clock,ILSVRC2012_val_00004307
truck,ILSVRC2012_val_00004211,car,ILSVRC2012_val_00010676
bear,ILSVRC2012_val_00039819,bicycle,ILSVRC2012_val_00012325
elephant,ILSVRC2012_val_00021807,keyboard,ILSVRC2012_val_00044775
knife,ILSVRC2012_val_00041660,chair,ILSVRC2012_val_00002466
truck,ILSVRC2012_val_00021253,chair,ILSVRC2012_val_00014679
bicycle,ILSVRC2012_val_00003873,oven,ILSVRC2012_val_00034788
airplane,ILSVRC2012_val_00018616,car,ILSVRC2012_val_00010676
dog,ILSVRC2012_val_00046768,keyboard,ILSVRC2012_val_00042910
keyboard,ILSVRC2012_val_00007856,car,ILSVRC2012_val_00014732
oven,ILSVRC2012_val_00039789,elephant,ILSVRC2012_val_00049390
bear,ILSVRC2012_val_00012603,knife,ILSVRC2012_val_00002212
boat,ILSVRC2012_val_00020894,dog,ILSVRC2012_val_00005905
elephant,ILSVRC2012_val_00040375,boat,ILSVRC2012_val_00002308
chair,ILSVRC2012_val_00048336,bird,ILSVRC2012_val_00023338
truck,ILSVRC2012_val_00045071,bottle,ILSVRC2012_val_00035507
elephant,ILSVRC2012_val_00003747,bicycle,ILSVRC2012_val_00027620
bird,ILSVRC2012_val_00041135,chair,ILSVRC2012_val_00008903
oven,ILSVRC2012_val_00003075,bottle,ILSVRC2012_val_00006274
cat,ILSVRC2012_val_00028628,bird,ILSVRC2012_val_00016198
bicycle,ILSVRC2012_val_00016532,car,ILSVRC2012_val_00048556
knife,ILSVRC2012_val_00006102,boat,ILSVRC2012_val_00014274
knife,ILSVRC2012_val_00014960,bottle,ILSVRC2012_val_00030909
bear,ILSVRC2012_val_00003499,bicycle,ILSVRC2012_val_00011330
chair,ILSVRC2012_val_00042389,dog,ILSVRC2012_val_00048032
boat,ILSVRC2012_val_00033883,truck,ILSVRC2012_val_00025592
bottle,ILSVRC2012_val_00020102,truck,ILSVRC2012_val_00036699
boat,ILSVRC2012_val_00011563,bear,ILSVRC2012_val_00045952
elephant,ILSVRC2012_val_00030248,chair,ILSVRC2012_val_00024982
keyboard,ILSVRC2012_val_00009383,elephant,ILSVRC2012_val_00035479
dog,ILSVRC2012_val_00014719,clock,ILSVRC2012_val_00049049
bear,ILSVRC2012_val_00032453,cat,ILSVRC2012_val_00039084
elephant,ILSVRC2012_val_00025043,boat,ILSVRC2012_val_00048349
cat,ILSVRC2012_val_00024760,clock,ILSVRC2012_val_00019663
bird,ILSVRC2012_val_00002265,chair,ILSVRC2012_val_00000804
knife,ILSVRC2012_val_00038320,elephant,ILSVRC2012_val_00036436
boat,ILSVRC2012_val_00045522,oven,ILSVRC2012_val_00011779
oven,ILSVRC2012_val_00019775,clock,ILSVRC2012_val_00018443
knife,ILSVRC2012_val_00038320,keyboard,ILSVRC2012_val_00035446
chair,ILSVRC2012_val_00004679,elephant,ILSVRC2012_val_00023398
elephant,ILSVRC2012_val_00041799,oven,ILSVRC2012_val_00007132
chair,ILSVRC2012_val_00015184,dog,ILSVRC2012_val_00041848
bicycle,ILSVRC2012_val_00042457,boat,ILSVRC2012_val_00012489
knife,ILSVRC2012_val_00004815,truck,ILSVRC2012_val_00022323
cat,ILSVRC2012_val_00032637,bear,ILSVRC2012_val_00015955
car,ILSVRC2012_val_00016613,truck,ILSVRC2012_val_00026907
airplane,ILSVRC2012_val_00024108,bicycle,ILSVRC2012_val_00031631
airplane,ILSVRC2012_val_00014425,bicycle,ILSVRC2012_val_00030070
airplane,ILSVRC2012_val_00030319,car,ILSVRC2012_val_00014208
keyboard,ILSVRC2012_val_00037986,airplane,ILSVRC2012_val_00030531
truck,ILSVRC2012_val_00008879,bottle,ILSVRC2012_val_00039338
cat,ILSVRC2012_val_00008778,truck,ILSVRC2012_val_00034078
cat,ILSVRC2012_val_00028213,bird,ILSVRC2012_val_00020025
boat,ILSVRC2012_val_00034455,oven,ILSVRC2012_val_00029125
oven,ILSVRC2012_val_00004125,keyboard,ILSVRC2012_val_00023014
bear,ILSVRC2012_val_00045098,oven,ILSVRC2012_val_00039873
keyboard,ILSVRC2012_val_00042686,cat,ILSVRC2012_val_00039084
knife,ILSVRC2012_val_00027474,boat,ILSVRC2012_val_00043502
clock,ILSVRC2012_val_00026752,bottle,ILSVRC2012_val_00039338
knife,ILSVRC2012_val_00003462,bicycle,ILSVRC2012_val_00048885
keyboard,ILSVRC2012_val_00049917,cat,ILSVRC2012_val_00001040
oven,ILSVRC2012_val_00041974,bird,ILSVRC2012_val_00028670
bear,ILSVRC2012_val_00045098,knife,ILSVRC2012_val_00000582
boat,ILSVRC2012_val_00022927,truck,ILSVRC2012_val_00030765
truck,ILSVRC2012_val_00020483,dog,ILSVRC2012_val_00009985
bear,ILSVRC2012_val_00032576,dog,ILSVRC2012_val_00021904
airplane,ILSVRC2012_val_00033441,bicycle,ILSVRC2012_val_00018015
keyboard,ILSVRC2012_val_00036957,elephant,ILSVRC2012_val_00016215
cat,ILSVRC2012_val_00049279,knife,ILSVRC2012_val_00009369
boat,ILSVRC2012_val_00008477,airplane,ILSVRC2012_val_00024747
bottle,ILSVRC2012_val_00008501,car,ILSVRC2012_val_00049427
bottle,ILSVRC2012_val_00003201,clock,ILSVRC2012_val_00017378
bottle,ILSVRC2012_val_00021446,cat,ILSVRC2012_val_00025168
bottle,ILSVRC2012_val_00040265,bird,ILSVRC2012_val_00020875
bottle,ILSVRC2012_val_00006865,oven,ILSVRC2012_val_00017795
cat,ILSVRC2012_val_00013684,oven,ILSVRC2012_val_00001625
airplane,ILSVRC2012_val_00018685,bicycle,ILSVRC2012_val_00019390
dog,ILSVRC2012_val_00011077,truck,ILSVRC2012_val_00038712
elephant,ILSVRC2012_val_00034527,truck,ILSVRC2012_val_00025131
car,ILSVRC2012_val_00018138,bird,ILSVRC2012_val_00022992
boat,ILSVRC2012_val_00014119,keyboard,ILSVRC2012_val_00042910
bicycle,ILSVRC2012_val_00049382,bird,ILSVRC2012_val_00007973
clock,ILSVRC2012_val_00020621,chair,ILSVRC2012_val_00037756
oven,ILSVRC2012_val_00048271,cat,ILSVRC2012_val_00009921
dog,ILSVRC2012_val_00049417,bird,ILSVRC2012_val_00028791
knife,ILSVRC2012_val_00038320,cat,ILSVRC2012_val_00035163
truck,ILSVRC2012_val_00043346,bicycle,ILSVRC2012_val_00037438
truck,ILSVRC2012_val_00041314,knife,ILSVRC2012_val_00028494
bottle,ILSVRC2012_val_00006808,chair,ILSVRC2012_val_00041883
knife,ILSVRC2012_val_00034599,truck,ILSVRC2012_val_00033376
knife,ILSVRC2012_val_00014960,clock,ILSVRC2012_val_00032489
dog,ILSVRC2012_val_00002550,bicycle,ILSVRC2012_val_00043435
chair,ILSVRC2012_val_00004679,bicycle,ILSVRC2012_val_00001012
dog,ILSVRC2012_val_00043763,clock,ILSVRC2012_val_00018976
bicycle,ILSVRC2012_val_00003873,bear,ILSVRC2012_val_00048105
cat,ILSVRC2012_val_00020973,oven,ILSVRC2012_val_00007132
bear,ILSVRC2012_val_00034637,elephant,ILSVRC2012_val_00035479
cat,ILSVRC2012_val_00011015,elephant,ILSVRC2012_val_00029453
knife,ILSVRC2012_val_00001964,boat,ILSVRC2012_val_00046387
keyboard,ILSVRC2012_val_00003296,airplane,ILSVRC2012_val_00011168
car,ILSVRC2012_val_00018138,truck,ILSVRC2012_val_00016527
airplane,ILSVRC2012_val_00037801,dog,ILSVRC2012_val_00018866
cat,ILSVRC2012_val_00001888,keyboard,ILSVRC2012_val_00044703
airplane,ILSVRC2012_val_00012263,keyboard,ILSVRC2012_val_00029239
airplane,ILSVRC2012_val_00043242,knife,ILSVRC2012_val_00039826
oven,ILSVRC2012_val_00031595,airplane,ILSVRC2012_val_00019677
boat,ILSVRC2012_val_00039041,airplane,ILSVRC2012_val_00034342
keyboard,ILSVRC2012_val_00027307,bird,ILSVRC2012_val_00005873
cat,ILSVRC2012_val_00015741,truck,ILSVRC2012_val_00025592
car,ILSVRC2012_val_00015357,airplane,ILSVRC2012_val_00011168
bird,ILSVRC2012_val_00031290,elephant,ILSVRC2012_val_00049390
chair,ILSVRC2012_val_00042389,boat,ILSVRC2012_val_00032371
bicycle,ILSVRC2012_val_00043207,chair,ILSVRC2012_val_00020924
clock,ILSVRC2012_val_00015108,keyboard,ILSVRC2012_val_00015326
boat,ILSVRC2012_val_00033883,bear,ILSVRC2012_val_00011967
oven,ILSVRC2012_val_00005817,truck,ILSVRC2012_val_00001156
dog,ILSVRC2012_val_00005820,elephant,ILSVRC2012_val_00047540
knife,ILSVRC2012_val_00046361,oven,ILSVRC2012_val_00028507
oven,ILSVRC2012_val_00024603,cat,ILSVRC2012_val_00003382
oven,ILSVRC2012_val_00038382,dog,ILSVRC2012_val_00021904
elephant,ILSVRC2012_val_00040923,bottle,ILSVRC2012_val_00049951
car,ILSVRC2012_val_00031765,truck,ILSVRC2012_val_00033485
dog,ILSVRC2012_val_00034382,clock,ILSVRC2012_val_00033429
keyboard,ILSVRC2012_val_00044306,cat,ILSVRC2012_val_00024427
bear,ILSVRC2012_val_00046207,oven,ILSVRC2012_val_00017971
chair,ILSVRC2012_val_00048336,keyboard,ILSVRC2012_val_00045039
boat,ILSVRC2012_val_00043328,cat,ILSVRC2012_val_00023923
bicycle,ILSVRC2012_val_00042457,bottle,ILSVRC2012_val_00014426
elephant,ILSVRC2012_val_00021807,bird,ILSVRC2012_val_00022992
chair,ILSVRC2012_val_00039260,bird,ILSVRC2012_val_00015322
clock,ILSVRC2012_val_00024278,dog,ILSVRC2012_val_00005905
clock,ILSVRC2012_val_00014169,cat,ILSVRC2012_val_00019401
truck,ILSVRC2012_val_00002210,elephant,ILSVRC2012_val_00033832
oven,ILSVRC2012_val_00020809,cat,ILSVRC2012_val_00046572
dog,ILSVRC2012_val_00047585,truck,ILSVRC2012_val_00033485
cat,ILSVRC2012_val_00023228,elephant,ILSVRC2012_val_00048547
bottle,ILSVRC2012_val_00003201,car,ILSVRC2012_val_00014010
keyboard,ILSVRC2012_val_00011774,oven,ILSVRC2012_val_00034788
keyboard,ILSVRC2012_val_00002755,cat,ILSVRC2012_val_00025168
airplane,ILSVRC2012_val_00040136,keyboard,ILSVRC2012_val_00020967
bird,ILSVRC2012_val_00045323,airplane,ILSVRC2012_val_00022532
elephant,ILSVRC2012_val_00033861,bird,ILSVRC2012_val_00046802
keyboard,ILSVRC2012_val_00018176,truck,ILSVRC2012_val_00025592
knife,ILSVRC2012_val_00039665,car,ILSVRC2012_val_00010252
cat,ILSVRC2012_val_00035566,oven,ILSVRC2012_val_00022397
cat,ILSVRC2012_val_00023906,bird,ILSVRC2012_val_00007973
cat,ILSVRC2012_val_00033420,airplane,ILSVRC2012_val_00009537
elephant,ILSVRC2012_val_00034664,cat,ILSVRC2012_val_00048160
boat,ILSVRC2012_val_00042164,knife,ILSVRC2012_val_00022700
clock,ILSVRC2012_val_00035525,airplane,ILSVRC2012_val_00001506
truck,ILSVRC2012_val_00005422,clock,ILSVRC2012_val_00049049
bird,ILSVRC2012_val_00018895,elephant,ILSVRC2012_val_00009280
dog,ILSVRC2012_val_00024389,knife,ILSVRC2012_val_00026439
boat,ILSVRC2012_val_00014119,bottle,ILSVRC2012_val_00021950
bottle,ILSVRC2012_val_00009260,oven,ILSVRC2012_val_00035817
clock,ILSVRC2012_val_00032136,car,ILSVRC2012_val_00029094
chair,ILSVRC2012_val_00041772,bottle,ILSVRC2012_val_00036242
airplane,ILSVRC2012_val_00023781,truck,ILSVRC2012_val_00033485
boat,ILSVRC2012_val_00012154,chair,ILSVRC2012_val_00037803
airplane,ILSVRC2012_val_00023781,keyboard,ILSVRC2012_val_00044703
chair,ILSVRC2012_val_00007063,bird,ILSVRC2012_val_00005873
dog,ILSVRC2012_val_00019130,elephant,ILSVRC2012_val_00048108
clock,ILSVRC2012_val_00013244,truck,ILSVRC2012_val_00030038
bicycle,ILSVRC2012_val_00049382,dog,ILSVRC2012_val_00035049
keyboard,ILSVRC2012_val_00001330,knife,ILSVRC2012_val_00027427
oven,ILSVRC2012_val_00045813,bird,ILSVRC2012_val_00005287
chair,ILSVRC2012_val_00022126,bottle,ILSVRC2012_val_00010827
boat,ILSVRC2012_val_00032860,airplane,ILSVRC2012_val_00001506
oven,ILSVRC2012_val_00049391,bicycle,ILSVRC2012_val_00018074
cat,ILSVRC2012_val_00033420,truck,ILSVRC2012_val_00033376
clock,ILSVRC2012_val_00044752,bird,ILSVRC2012_val_00046356
airplane,ILSVRC2012_val_00015636,truck,ILSVRC2012_val_00030038
truck,ILSVRC2012_val_00017152,keyboard,ILSVRC2012_val_00015326
keyboard,ILSVRC2012_val_00044090,car,ILSVRC2012_val_00010983
truck,ILSVRC2012_val_00005422,car,ILSVRC2012_val_00018335
bottle,ILSVRC2012_val_00006808,car,ILSVRC2012_val_00013258
dog,ILSVRC2012_val_00011077,bottle,ILSVRC2012_val_00011758
knife,ILSVRC2012_val_00038966,bicycle,ILSVRC2012_val_00001012
elephant,ILSVRC2012_val_00040375,bird,ILSVRC2012_val_00010689
bicycle,ILSVRC2012_val_00023131,oven,ILSVRC2012_val_00010756
bear,ILSVRC2012_val_00028222,bird,ILSVRC2012_val_00009374
car,ILSVRC2012_val_00038876,elephant,ILSVRC2012_val_00010242
cat,ILSVRC2012_val_00041579,keyboard,ILSVRC2012_val_00020967
truck,ILSVRC2012_val_00033589,clock,ILSVRC2012_val_00014035
bottle,ILSVRC2012_val_00024086,elephant,ILSVRC2012_val_00048108
car,ILSVRC2012_val_00038344,keyboard,ILSVRC2012_val_00000104
bird,ILSVRC2012_val_00006383,chair,ILSVRC2012_val_00017447
car,ILSVRC2012_val_00003478,bird,ILSVRC2012_val_00010689
bear,ILSVRC2012_val_00030485,bird,ILSVRC2012_val_00010689
bottle,ILSVRC2012_val_00005664,bird,ILSVRC2012_val_00029692
elephant,ILSVRC2012_val_00023463,airplane,ILSVRC2012_val_00022975
clock,ILSVRC2012_val_00008278,bear,ILSVRC2012_val_00011967
chair,ILSVRC2012_val_00027119,airplane,ILSVRC2012_val_00040547
keyboard,ILSVRC2012_val_00020235,chair,ILSVRC2012_val_00044295
cat,ILSVRC2012_val_00001888,chair,ILSVRC2012_val_00024368
keyboard,ILSVRC2012_val_00047453,bottle,ILSVRC2012_val_00012544
bear,ILSVRC2012_val_00000871,chair,ILSVRC2012_val_00037756
bird,ILSVRC2012_val_00006383,clock,ILSVRC2012_val_00023576
clock,ILSVRC2012_val_00049764,bicycle,ILSVRC2012_val_00046549
bicycle,ILSVRC2012_val_00034037,elephant,ILSVRC2012_val_00010196
clock,ILSVRC2012_val_00033627,oven,ILSVRC2012_val_00011779
keyboard,ILSVRC2012_val_00001330,chair,ILSVRC2012_val_00021359
chair,ILSVRC2012_val_00015184,cat,ILSVRC2012_val_00010823
knife,ILSVRC2012_val_00039665,elephant,ILSVRC2012_val_00009280
dog,ILSVRC2012_val_00019130,oven,ILSVRC2012_val_00029341
airplane,ILSVRC2012_val_00024108,keyboard,ILSVRC2012_val_00001687
car,ILSVRC2012_val_00022739,airplane,ILSVRC2012_val_00039213
bottle,ILSVRC2012_val_00021707,bear,ILSVRC2012_val_00038821
airplane,ILSVRC2012_val_00047829,clock,ILSVRC2012_val_00004307
car,ILSVRC2012_val_00042416,oven,ILSVRC2012_val_00002864
elephant,ILSVRC2012_val_00039678,knife,ILSVRC2012_val_00028494
bottle,ILSVRC2012_val_00017913,bicycle,ILSVRC2012_val_00040027
bear,ILSVRC2012_val_00045098,clock,ILSVRC2012_val_00033502
boat,ILSVRC2012_val_00042757,bird,ILSVRC2012_val_00030010
clock,ILSVRC2012_val_00008278,dog,ILSVRC2012_val_00046530
dog,ILSVRC2012_val_00034382,car,ILSVRC2012_val_00014208
cat,ILSVRC2012_val_00024500,knife,ILSVRC2012_val_00037845
car,ILSVRC2012_val_00045210,airplane,ILSVRC2012_val_00046862
cat,ILSVRC2012_val_00024760,car,ILSVRC2012_val_00010983
boat,ILSVRC2012_val_00028027,car,ILSVRC2012_val_00036695
chair,ILSVRC2012_val_00041916,cat,ILSVRC2012_val_00005004
bottle,ILSVRC2012_val_00006865,chair,ILSVRC2012_val_00037756
cat,ILSVRC2012_val_00023864,keyboard,ILSVRC2012_val_00035446
boat,ILSVRC2012_val_00045783,truck,ILSVRC2012_val_00048444
bear,ILSVRC2012_val_00030704,cat,ILSVRC2012_val_00035163
cat,ILSVRC2012_val_00049735,clock,ILSVRC2012_val_00018443
bottle,ILSVRC2012_val_00029711,bird,ILSVRC2012_val_00028670
keyboard,ILSVRC2012_val_00001089,airplane,ILSVRC2012_val_00026189
airplane,ILSVRC2012_val_00018616,clock,ILSVRC2012_val_00006858
chair,ILSVRC2012_val_00044863,keyboard,ILSVRC2012_val_00038711
car,ILSVRC2012_val_00004685,bicycle,ILSVRC2012_val_00040237
bicycle,ILSVRC2012_val_00033559,bottle,ILSVRC2012_val_00036242
cat,ILSVRC2012_val_00011015,boat,ILSVRC2012_val_00048349
bird,ILSVRC2012_val_00026711,bottle,ILSVRC2012_val_00012891
cat,ILSVRC2012_val_00023228,bicycle,ILSVRC2012_val_00017103
keyboard,ILSVRC2012_val_00020235,car,ILSVRC2012_val_00048556
clock,ILSVRC2012_val_00008278,boat,ILSVRC2012_val_00012489
bird,ILSVRC2012_val_00035647,bottle,ILSVRC2012_val_00035061
oven,ILSVRC2012_val_00048848,car,ILSVRC2012_val_00038060
airplane,ILSVRC2012_val_00028019,cat,ILSVRC2012_val_00023923
dog,ILSVRC2012_val_00049417,keyboard,ILSVRC2012_val_00015929
bottle,ILSVRC2012_val_00038095,chair,ILSVRC2012_val_00013747
truck,ILSVRC2012_val_00002888,car,ILSVRC2012_val_00036091
boat,ILSVRC2012_val_00045783,bird,ILSVRC2012_val_00015322
oven,ILSVRC2012_val_00020809,bird,ILSVRC2012_val_00046356
keyboard,ILSVRC2012_val_00012234,elephant,ILSVRC2012_val_00010242
car,ILSVRC2012_val_00004685,knife,ILSVRC2012_val_00009367
oven,ILSVRC2012_val_00048848,bird,ILSVRC2012_val_00020875
oven,ILSVRC2012_val_00022348,truck,ILSVRC2012_val_00030038
elephant,ILSVRC2012_val_00049268,boat,ILSVRC2012_val_00011636
keyboard,ILSVRC2012_val_00036957,clock,ILSVRC2012_val_00014635
elephant,ILSVRC2012_val_00034981,bottle,ILSVRC2012_val_00022396
keyboard,ILSVRC2012_val_00002755,knife,ILSVRC2012_val_00037845
bird,ILSVRC2012_val_00006460,oven,ILSVRC2012_val_00038775
clock,ILSVRC2012_val_00015108,oven,ILSVRC2012_val_00007052
bird,ILSVRC2012_val_00024030,clock,ILSVRC2012_val_00049049
bear,ILSVRC2012_val_00000871,bird,ILSVRC2012_val_00022992
airplane,ILSVRC2012_val_00001952,elephant,ILSVRC2012_val_00001958
knife,ILSVRC2012_val_00006102,truck,ILSVRC2012_val_00048444
chair,ILSVRC2012_val_00002914,boat,ILSVRC2012_val_00043502
elephant,ILSVRC2012_val_00003747,cat,ILSVRC2012_val_00002472
chair,ILSVRC2012_val_00028185,bottle,ILSVRC2012_val_00006274
knife,ILSVRC2012_val_00024520,bird,ILSVRC2012_val_00029692
truck,ILSVRC2012_val_00033387,dog,ILSVRC2012_val_00035049
knife,ILSVRC2012_val_00021297,boat,ILSVRC2012_val_00015044
dog,ILSVRC2012_val_00035562,keyboard,ILSVRC2012_val_00013404
keyboard,ILSVRC2012_val_00027307,elephant,ILSVRC2012_val_00005704
dog,ILSVRC2012_val_00001070,bear,ILSVRC2012_val_00003044
clock,ILSVRC2012_val_00014169,bird,ILSVRC2012_val_00020875
knife,ILSVRC2012_val_00010577,clock,ILSVRC2012_val_00017378
bicycle,ILSVRC2012_val_00037292,airplane,ILSVRC2012_val_00026189
dog,ILSVRC2012_val_00007945,truck,ILSVRC2012_val_00001156
cat,ILSVRC2012_val_00032637,car,ILSVRC2012_val_00015651
bird,ILSVRC2012_val_00010845,keyboard,ILSVRC2012_val_00028754
chair,ILSVRC2012_val_00041772,boat,ILSVRC2012_val_00014274
bird,ILSVRC2012_val_00019868,chair,ILSVRC2012_val_00021099
car,ILSVRC2012_val_00007125,knife,ILSVRC2012_val_00027427
bear,ILSVRC2012_val_00044129,bird,ILSVRC2012_val_00014599
chair,ILSVRC2012_val_00042822,dog,ILSVRC2012_val_00035049
truck,ILSVRC2012_val_00039069,bicycle,ILSVRC2012_val_00018015
airplane,ILSVRC2012_val_00008292,knife,ILSVRC2012_val_00048029
clock,ILSVRC2012_val_00035525,cat,ILSVRC2012_val_00017814
truck,ILSVRC2012_val_00048418,keyboard,ILSVRC2012_val_00028754
car,ILSVRC2012_val_00018138,dog,ILSVRC2012_val_00017057
bear,ILSVRC2012_val_00018369,bottle,ILSVRC2012_val_00012544
bear,ILSVRC2012_val_00034637,keyboard,ILSVRC2012_val_00026405
bottle,ILSVRC2012_val_00017913,keyboard,ILSVRC2012_val_00000666
bear,ILSVRC2012_val_00044129,truck,ILSVRC2012_val_00020382
elephant,ILSVRC2012_val_00040375,bear,ILSVRC2012_val_00027292
car,ILSVRC2012_val_00005978,knife,ILSVRC2012_val_00000564
boat,ILSVRC2012_val_00033883,bicycle,ILSVRC2012_val_00037433
airplane,ILSVRC2012_val_00049097,keyboard,ILSVRC2012_val_00019503
bicycle,ILSVRC2012_val_00027449,bear,ILSVRC2012_val_00015955
truck,ILSVRC2012_val_00023473,airplane,ILSVRC2012_val_00016995
keyboard,ILSVRC2012_val_00027307,airplane,ILSVRC2012_val_00032804
car,ILSVRC2012_val_00025004,elephant,ILSVRC2012_val_00047540
bear,ILSVRC2012_val_00004660,dog,ILSVRC2012_val_00024967
bicycle,ILSVRC2012_val_00016532,knife,ILSVRC2012_val_00025279
bear,ILSVRC2012_val_00013482,boat,ILSVRC2012_val_00004621
bicycle,ILSVRC2012_val_00033559,bird,ILSVRC2012_val_00020025
dog,ILSVRC2012_val_00040131,cat,ILSVRC2012_val_00039390
bottle,ILSVRC2012_val_00006808,boat,ILSVRC2012_val_00002308
cat,ILSVRC2012_val_00023228,clock,ILSVRC2012_val_00009413
bicycle,ILSVRC2012_val_00029848,bear,ILSVRC2012_val_00039227
cat,ILSVRC2012_val_00001888,knife,ILSVRC2012_val_00000582
bicycle,ILSVRC2012_val_00016532,bird,ILSVRC2012_val_00040933
elephant,ILSVRC2012_val_00028996,oven,ILSVRC2012_val_00020361
dog,ILSVRC2012_val_00011077,chair,ILSVRC2012_val_00044194
chair,ILSVRC2012_val_00022589,oven,ILSVRC2012_val_00019568
bicycle,ILSVRC2012_val_00018042,elephant,ILSVRC2012_val_00036436
cat,ILSVRC2012_val_00011854,elephant,ILSVRC2012_val_00010196
bicycle,ILSVRC2012_val_00049750,bottle,ILSVRC2012_val_00018919
keyboard,ILSVRC2012_val_00001089,bird,ILSVRC2012_val_00015322
bear,ILSVRC2012_val_00029278,knife,ILSVRC2012_val_00037845
dog,ILSVRC2012_val_00013090,keyboard,ILSVRC2012_val_00035954
clock,ILSVRC2012_val_00020621,airplane,ILSVRC2012_val_00019179
airplane,ILSVRC2012_val_00023316,dog,ILSVRC2012_val_00025309
clock,ILSVRC2012_val_00021836,chair,ILSVRC2012_val_00002466
knife,ILSVRC2012_val_00039665,clock,ILSVRC2012_val_00015820
bottle,ILSVRC2012_val_00049261,chair,ILSVRC2012_val_00025634
cat,ILSVRC2012_val_00049735,elephant,ILSVRC2012_val_00016215
keyboard,ILSVRC2012_val_00044090,boat,ILSVRC2012_val_00032371
bicycle,ILSVRC2012_val_00011329,car,ILSVRC2012_val_00033796
clock,ILSVRC2012_val_00017973,chair,ILSVRC2012_val_00012040
oven,ILSVRC2012_val_00038382,truck,ILSVRC2012_val_00026743
bear,ILSVRC2012_val_00017155,knife,ILSVRC2012_val_00009369
boat,ILSVRC2012_val_00012154,keyboard,ILSVRC2012_val_00008632
knife,ILSVRC2012_val_00014528,keyboard,ILSVRC2012_val_00001687
car,ILSVRC2012_val_00033293,bird,ILSVRC2012_val_00012123
bear,ILSVRC2012_val_00013482,car,ILSVRC2012_val_00012809
knife,ILSVRC2012_val_00014528,elephant,ILSVRC2012_val_00048547
chair,ILSVRC2012_val_00019420,car,ILSVRC2012_val_00038060
knife,ILSVRC2012_val_00014528,bottle,ILSVRC2012_val_00027970
knife,ILSVRC2012_val_00011081,chair,ILSVRC2012_val_00007693
oven,ILSVRC2012_val_00041628,elephant,ILSVRC2012_val_00025237
knife,ILSVRC2012_val_00048820,clock,ILSVRC2012_val_00033502
truck,ILSVRC2012_val_00038049,clock,ILSVRC2012_val_00023576
truck,ILSVRC2012_val_00023473,car,ILSVRC2012_val_00036695
bird,ILSVRC2012_val_00024808,truck,ILSVRC2012_val_00042157
bottle,ILSVRC2012_val_00038095,cat,ILSVRC2012_val_00024427
elephant,ILSVRC2012_val_00033235,car,ILSVRC2012_val_00022491
bird,ILSVRC2012_val_00025023,cat,ILSVRC2012_val_00010823
elephant,ILSVRC2012_val_00040923,knife,ILSVRC2012_val_00019358
chair,ILSVRC2012_val_00001616,truck,ILSVRC2012_val_00026004
chair,ILSVRC2012_val_00042512,car,ILSVRC2012_val_00031558
bottle,ILSVRC2012_val_00015556,elephant,ILSVRC2012_val_00010619
knife,ILSVRC2012_val_00034765,bicycle,ILSVRC2012_val_00000953
bear,ILSVRC2012_val_00039819,bottle,ILSVRC2012_val_00030379
keyboard,ILSVRC2012_val_00001071,airplane,ILSVRC2012_val_00009537
knife,ILSVRC2012_val_00014608,dog,ILSVRC2012_val_00004539
boat,ILSVRC2012_val_00028027,keyboard,ILSVRC2012_val_00013404
boat,ILSVRC2012_val_00031072,bear,ILSVRC2012_val_00020332
dog,ILSVRC2012_val_00047585,oven,ILSVRC2012_val_00002517
bird,ILSVRC2012_val_00024592,airplane,ILSVRC2012_val_00044253
dog,ILSVRC2012_val_00046768,chair,ILSVRC2012_val_00039348
bird,ILSVRC2012_val_00008364,bottle,ILSVRC2012_val_00047079
clock,ILSVRC2012_val_00033627,knife,ILSVRC2012_val_00010886
clock,ILSVRC2012_val_00044752,oven,ILSVRC2012_val_00028507
oven,ILSVRC2012_val_00028472,dog,ILSVRC2012_val_00000708
car,ILSVRC2012_val_00004685,truck,ILSVRC2012_val_00007519
bird,ILSVRC2012_val_00018895,keyboard,ILSVRC2012_val_00013266
elephant,ILSVRC2012_val_00030248,bicycle,ILSVRC2012_val_00010544
airplane,ILSVRC2012_val_00030319,bird,ILSVRC2012_val_00046356
clock,ILSVRC2012_val_00016885,elephant,ILSVRC2012_val_00011002
cat,ILSVRC2012_val_00038661,knife,ILSVRC2012_val_00048029
bicycle,ILSVRC2012_val_00045152,boat,ILSVRC2012_val_00046269
dog,ILSVRC2012_val_00040131,oven,ILSVRC2012_val_00039873
elephant,ILSVRC2012_val_00030840,chair,ILSVRC2012_val_00021099
dog,ILSVRC2012_val_00005942,car,ILSVRC2012_val_00041064
chair,ILSVRC2012_val_00004679,knife,ILSVRC2012_val_00038348
bicycle,ILSVRC2012_val_00019203,cat,ILSVRC2012_val_00003382
boat,ILSVRC2012_val_00042164,dog,ILSVRC2012_val_00046530
oven,ILSVRC2012_val_00048271,bottle,ILSVRC2012_val_00014426
airplane,ILSVRC2012_val_00010597,oven,ILSVRC2012_val_00017795
chair,ILSVRC2012_val_00022589,clock,ILSVRC2012_val_00032946
knife,ILSVRC2012_val_00024520,truck,ILSVRC2012_val_00030765
chair,ILSVRC2012_val_00001604,car,ILSVRC2012_val_00018117
car,ILSVRC2012_val_00005978,elephant,ILSVRC2012_val_00001958
clock,ILSVRC2012_val_00049764,cat,ILSVRC2012_val_00024000
bird,ILSVRC2012_val_00031290,bear,ILSVRC2012_val_00011036
chair,ILSVRC2012_val_00001604,dog,ILSVRC2012_val_00029609
bottle,ILSVRC2012_val_00008501,cat,ILSVRC2012_val_00001040
chair,ILSVRC2012_val_00022589,dog,ILSVRC2012_val_00046836
bottle,ILSVRC2012_val_00025387,elephant,ILSVRC2012_val_00021618
chair,ILSVRC2012_val_00005926,boat,ILSVRC2012_val_00004621
chair,ILSVRC2012_val_00001604,bear,ILSVRC2012_val_00048979
cat,ILSVRC2012_val_00049735,car,ILSVRC2012_val_00012809
cat,ILSVRC2012_val_00008778,boat,ILSVRC2012_val_00026054
knife,ILSVRC2012_val_00006102,cat,ILSVRC2012_val_00026403
knife,ILSVRC2012_val_00029833,dog,ILSVRC2012_val_00017057
keyboard,ILSVRC2012_val_00044306,elephant,ILSVRC2012_val_00029453
elephant,ILSVRC2012_val_00034981,oven,ILSVRC2012_val_00001625
keyboard,ILSVRC2012_val_00012234,car,ILSVRC2012_val_00015651
dog,ILSVRC2012_val_00027804,boat,ILSVRC2012_val_00025712
keyboard,ILSVRC2012_val_00044306,bird,ILSVRC2012_val_00026023
oven,ILSVRC2012_val_00049391,airplane,ILSVRC2012_val_00001506
car,ILSVRC2012_val_00031953,dog,ILSVRC2012_val_00041718
dog,ILSVRC2012_val_00019130,boat,ILSVRC2012_val_00021429
elephant,ILSVRC2012_val_00033861,chair,ILSVRC2012_val_00001289
cat,ILSVRC2012_val_00011854,chair,ILSVRC2012_val_00021099
bicycle,ILSVRC2012_val_00033559,boat,ILSVRC2012_val_00027088
keyboard,ILSVRC2012_val_00049917,bear,ILSVRC2012_val_00005415
airplane,ILSVRC2012_val_00001952,car,ILSVRC2012_val_00013258
elephant,ILSVRC2012_val_00033235,truck,ILSVRC2012_val_00016527
bottle,ILSVRC2012_val_00009260,cat,ILSVRC2012_val_00039084
chair,ILSVRC2012_val_00008768,bird,ILSVRC2012_val_00046041
elephant,ILSVRC2012_val_00038578,keyboard,ILSVRC2012_val_00019503
bird,ILSVRC2012_val_00035647,cat,ILSVRC2012_val_00005004
bird,ILSVRC2012_val_00041135,oven,ILSVRC2012_val_00046020
knife,ILSVRC2012_val_00038966,clock,ILSVRC2012_val_00008751
airplane,ILSVRC2012_val_00033920,bird,ILSVRC2012_val_00005287
bicycle,ILSVRC2012_val_00023131,boat,ILSVRC2012_val_00014274
chair,ILSVRC2012_val_00019420,boat,ILSVRC2012_val_00046387
car,ILSVRC2012_val_00031765,knife,ILSVRC2012_val_00039826
keyboard,ILSVRC2012_val_00009383,bear,ILSVRC2012_val_00043182
keyboard,ILSVRC2012_val_00027154,truck,ILSVRC2012_val_00008012
bear,ILSVRC2012_val_00032576,chair,ILSVRC2012_val_00002466
bottle,ILSVRC2012_val_00005664,oven,ILSVRC2012_val_00047123
oven,ILSVRC2012_val_00012082,knife,ILSVRC2012_val_00025279
truck,ILSVRC2012_val_00033589,cat,ILSVRC2012_val_00005004
knife,ILSVRC2012_val_00016901,chair,ILSVRC2012_val_00025634
keyboard,ILSVRC2012_val_00047453,car,ILSVRC2012_val_00033796
bicycle,ILSVRC2012_val_00026795,bottle,ILSVRC2012_val_00010827
car,ILSVRC2012_val_00031765,bottle,ILSVRC2012_val_00018646
knife,ILSVRC2012_val_00034765,airplane,ILSVRC2012_val_00003960
bottle,ILSVRC2012_val_00006632,clock,ILSVRC2012_val_00015820
elephant,ILSVRC2012_val_00023463,bicycle,ILSVRC2012_val_00019390
cat,ILSVRC2012_val_00038661,bear,ILSVRC2012_val_00039227
car,ILSVRC2012_val_00045210,bear,ILSVRC2012_val_00027292
chair,ILSVRC2012_val_00017214,bottle,ILSVRC2012_val_00014426
boat,ILSVRC2012_val_00042757,airplane,ILSVRC2012_val_00019179
airplane,ILSVRC2012_val_00033920,bear,ILSVRC2012_val_00002105
knife,ILSVRC2012_val_00024520,car,ILSVRC2012_val_00018117
bicycle,ILSVRC2012_val_00043207,boat,ILSVRC2012_val_00046387
truck,ILSVRC2012_val_00005345,dog,ILSVRC2012_val_00044232
cat,ILSVRC2012_val_00013684,bear,ILSVRC2012_val_00047752
clock,ILSVRC2012_val_00015108,dog,ILSVRC2012_val_00030339
elephant,ILSVRC2012_val_00041799,keyboard,ILSVRC2012_val_00033563
truck,ILSVRC2012_val_00045071,bicycle,ILSVRC2012_val_00043435
cat,ILSVRC2012_val_00003295,car,ILSVRC2012_val_00048556
bottle,ILSVRC2012_val_00021707,keyboard,ILSVRC2012_val_00044775
clock,ILSVRC2012_val_00017368,oven,ILSVRC2012_val_00029125
oven,ILSVRC2012_val_00039789,airplane,ILSVRC2012_val_00044253
knife,ILSVRC2012_val_00034599,chair,ILSVRC2012_val_00037756
boat,ILSVRC2012_val_00042164,airplane,ILSVRC2012_val_00016995
airplane,ILSVRC2012_val_00024108,bottle,ILSVRC2012_val_00049951
knife,ILSVRC2012_val_00038966,dog,ILSVRC2012_val_00013508
bottle,ILSVRC2012_val_00003340,car,ILSVRC2012_val_00010676
boat,ILSVRC2012_val_00043328,dog,ILSVRC2012_val_00012041
car,ILSVRC2012_val_00025004,clock,ILSVRC2012_val_00047294
truck,ILSVRC2012_val_00042802,bottle,ILSVRC2012_val_00012891
oven,ILSVRC2012_val_00010717,bicycle,ILSVRC2012_val_00049001
dog,ILSVRC2012_val_00035562,oven,ILSVRC2012_val_00047123
bicycle,ILSVRC2012_val_00018975,keyboard,ILSVRC2012_val_00045039
dog,ILSVRC2012_val_00005942,oven,ILSVRC2012_val_00002864
bicycle,ILSVRC2012_val_00011821,boat,ILSVRC2012_val_00042203
knife,ILSVRC2012_val_00014960,car,ILSVRC2012_val_00016314
dog,ILSVRC2012_val_00046768,oven,ILSVRC2012_val_00022397
bird,ILSVRC2012_val_00031290,boat,ILSVRC2012_val_00023020
knife,ILSVRC2012_val_00041660,truck,ILSVRC2012_val_00026004
knife,ILSVRC2012_val_00021297,cat,ILSVRC2012_val_00015401
car,ILSVRC2012_val_00000175,chair,ILSVRC2012_val_00014679
clock,ILSVRC2012_val_00026752,cat,ILSVRC2012_val_00016598
bear,ILSVRC2012_val_00004660,oven,ILSVRC2012_val_00002517
cat,ILSVRC2012_val_00038661,oven,ILSVRC2012_val_00010756
keyboard,ILSVRC2012_val_00011774,clock,ILSVRC2012_val_00006858
chair,ILSVRC2012_val_00002914,elephant,ILSVRC2012_val_00049390
elephant,ILSVRC2012_val_00038720,knife,ILSVRC2012_val_00026505
bear,ILSVRC2012_val_00042687,dog,ILSVRC2012_val_00000708
bottle,ILSVRC2012_val_00003340,elephant,ILSVRC2012_val_00033854
bicycle,ILSVRC2012_val_00023266,dog,ILSVRC2012_val_00044232
airplane,ILSVRC2012_val_00046971,car,ILSVRC2012_val_00022491
bottle,ILSVRC2012_val_00028267,clock,ILSVRC2012_val_00032489
truck,ILSVRC2012_val_00005422,cat,ILSVRC2012_val_00017814
bird,ILSVRC2012_val_00026090,cat,ILSVRC2012_val_00019401
bicycle,ILSVRC2012_val_00019513,chair,ILSVRC2012_val_00024982
bird,ILSVRC2012_val_00039988,bear,ILSVRC2012_val_00020050
elephant,ILSVRC2012_val_00043193,bear,ILSVRC2012_val_00047752
elephant,ILSVRC2012_val_00049268,bottle,ILSVRC2012_val_00018646
boat,ILSVRC2012_val_00034455,car,ILSVRC2012_val_00014208
bird,ILSVRC2012_val_00006460,boat,ILSVRC2012_val_00021429
car,ILSVRC2012_val_00031953,truck,ILSVRC2012_val_00016410
boat,ILSVRC2012_val_00039559,keyboard,ILSVRC2012_val_00035954
bear,ILSVRC2012_val_00018369,cat,ILSVRC2012_val_00001040
bicycle,ILSVRC2012_val_00018042,airplane,ILSVRC2012_val_00003960
clock,ILSVRC2012_val_00016885,keyboard,ILSVRC2012_val_00013266
keyboard,ILSVRC2012_val_00018176,bicycle,ILSVRC2012_val_00011330
bird,ILSVRC2012_val_00013713,clock,ILSVRC2012_val_00014035
dog,ILSVRC2012_val_00020766,bear,ILSVRC2012_val_00020332
chair,ILSVRC2012_val_00044863,oven,ILSVRC2012_val_00037357
chair,ILSVRC2012_val_00048336,car,ILSVRC2012_val_00016638
bird,ILSVRC2012_val_00025023,car,ILSVRC2012_val_00010252
car,ILSVRC2012_val_00045210,elephant,ILSVRC2012_val_00035137
truck,ILSVRC2012_val_00033387,bicycle,ILSVRC2012_val_00042393
boat,ILSVRC2012_val_00022635,truck,ILSVRC2012_val_00034078
car,ILSVRC2012_val_00046196,cat,ILSVRC2012_val_00026403
bicycle,ILSVRC2012_val_00023266,knife,ILSVRC2012_val_00038348
clock,ILSVRC2012_val_00020621,truck,ILSVRC2012_val_00026743
elephant,ILSVRC2012_val_00030248,airplane,ILSVRC2012_val_00030411
boat,ILSVRC2012_val_00022635,bear,ILSVRC2012_val_00047527
car,ILSVRC2012_val_00019496,bird,ILSVRC2012_val_00046802
truck,ILSVRC2012_val_00047676,chair,ILSVRC2012_val_00039348
oven,ILSVRC2012_val_00024603,boat,ILSVRC2012_val_00027088
car,ILSVRC2012_val_00014447,bicycle,ILSVRC2012_val_00031631
oven,ILSVRC2012_val_00010367,clock,ILSVRC2012_val_00008814
bear,ILSVRC2012_val_00019930,clock,ILSVRC2012_val_00041613
truck,ILSVRC2012_val_00020483,boat,ILSVRC2012_val_00041736
airplane,ILSVRC2012_val_00001390,knife,ILSVRC2012_val_00000564
clock,ILSVRC2012_val_00003134,oven,ILSVRC2012_val_00038775
cat,ILSVRC2012_val_00020973,car,ILSVRC2012_val_00033796
dog,ILSVRC2012_val_00035562,knife,ILSVRC2012_val_00015679
bicycle,ILSVRC2012_val_00019203,keyboard,ILSVRC2012_val_00023014
bear,ILSVRC2012_val_00003499,oven,ILSVRC2012_val_00029341
airplane,ILSVRC2012_val_00001390,oven,ILSVRC2012_val_00035817
truck,ILSVRC2012_val_00043256,dog,ILSVRC2012_val_00041848
knife,ILSVRC2012_val_00029833,oven,ILSVRC2012_val_00029125
knife,ILSVRC2012_val_00046361,dog,ILSVRC2012_val_00041718
dog,ILSVRC2012_val_00013090,knife,ILSVRC2012_val_00004379
bird,ILSVRC2012_val_00024030,car,ILSVRC2012_val_00035603
oven,ILSVRC2012_val_00003075,bicycle,ILSVRC2012_val_00040027
chair,ILSVRC2012_val_00017214,bird,ILSVRC2012_val_00026023
keyboard,ILSVRC2012_val_00009383,boat,ILSVRC2012_val_00032584
keyboard,ILSVRC2012_val_00044090,dog,ILSVRC2012_val_00025309
truck,ILSVRC2012_val_00039069,bear,ILSVRC2012_val_00011967
elephant,ILSVRC2012_val_00048781,keyboard,ILSVRC2012_val_00032961
dog,ILSVRC2012_val_00004542,bottle,ILSVRC2012_val_00021950
elephant,ILSVRC2012_val_00020120,bear,ILSVRC2012_val_00002105
dog,ILSVRC2012_val_00007945,bottle,ILSVRC2012_val_00030522
bear,ILSVRC2012_val_00019930,chair,ILSVRC2012_val_00013747
clock,ILSVRC2012_val_00013244,bicycle,ILSVRC2012_val_00037433
knife,ILSVRC2012_val_00001964,airplane,ILSVRC2012_val_00033161
chair,ILSVRC2012_val_00041772,truck,ILSVRC2012_val_00005130
cat,ILSVRC2012_val_00036603,elephant,ILSVRC2012_val_00022028
boat,ILSVRC2012_val_00039559,truck,ILSVRC2012_val_00033804
keyboard,ILSVRC2012_val_00042686,knife,ILSVRC2012_val_00000564
elephant,ILSVRC2012_val_00038578,bicycle,ILSVRC2012_val_00030070
bicycle,ILSVRC2012_val_00026250,clock,ILSVRC2012_val_00015628
bicycle,ILSVRC2012_val_00028824,car,ILSVRC2012_val_00014732
oven,ILSVRC2012_val_00004125,boat,ILSVRC2012_val_00008828
oven,ILSVRC2012_val_00025917,elephant,ILSVRC2012_val_00011002
elephant,ILSVRC2012_val_00033861,cat,ILSVRC2012_val_00040611
oven,ILSVRC2012_val_00019775,truck,ILSVRC2012_val_00036699
bear,ILSVRC2012_val_00029278,bird,ILSVRC2012_val_00028791
knife,ILSVRC2012_val_00001964,bicycle,ILSVRC2012_val_00046549
bird,ILSVRC2012_val_00006460,dog,ILSVRC2012_val_00041848
chair,ILSVRC2012_val_00017214,clock,ILSVRC2012_val_00023576
dog,ILSVRC2012_val_00020766,elephant,ILSVRC2012_val_00010619
bear,ILSVRC2012_val_00031645,cat,ILSVRC2012_val_00026403
boat,ILSVRC2012_val_00023545,keyboard,ILSVRC2012_val_00015929
keyboard,ILSVRC2012_val_00012808,dog,ILSVRC2012_val_00037323
car,ILSVRC2012_val_00003478,chair,ILSVRC2012_val_00008903
bird,ILSVRC2012_val_00019868,bicycle,ILSVRC2012_val_00046549
bird,ILSVRC2012_val_00020610,knife,ILSVRC2012_val_00015679
bear,ILSVRC2012_val_00030704,chair,ILSVRC2012_val_00012040
bear,ILSVRC2012_val_00048940,bottle,ILSVRC2012_val_00030909
bird,ILSVRC2012_val_00020610,bicycle,ILSVRC2012_val_00001012
oven,ILSVRC2012_val_00022348,bicycle,ILSVRC2012_val_00036903
bicycle,ILSVRC2012_val_00028824,knife,ILSVRC2012_val_00040170
bicycle,ILSVRC2012_val_00034037,bear,ILSVRC2012_val_00005415
boat,ILSVRC2012_val_00011563,bottle,ILSVRC2012_val_00025139
bird,ILSVRC2012_val_00008364,boat,ILSVRC2012_val_00025712
bicycle,ILSVRC2012_val_00026250,car,ILSVRC2012_val_00010983
elephant,ILSVRC2012_val_00030840,bicycle,ILSVRC2012_val_00031631
cat,ILSVRC2012_val_00025650,clock,ILSVRC2012_val_00008814
chair,ILSVRC2012_val_00039260,boat,ILSVRC2012_val_00032584
knife,ILSVRC2012_val_00011081,clock,ILSVRC2012_val_00047294
dog,ILSVRC2012_val_00041043,elephant,ILSVRC2012_val_00033854
bear,ILSVRC2012_val_00019930,elephant,ILSVRC2012_val_00029453
knife,ILSVRC2012_val_00020998,keyboard,ILSVRC2012_val_00044703
bottle,ILSVRC2012_val_00028267,chair,ILSVRC2012_val_00049050
oven,ILSVRC2012_val_00039789,bear,ILSVRC2012_val_00028217
truck,ILSVRC2012_val_00004211,clock,ILSVRC2012_val_00018976
truck,ILSVRC2012_val_00048418,cat,ILSVRC2012_val_00024000
keyboard,ILSVRC2012_val_00027154,oven,ILSVRC2012_val_00046020
truck,ILSVRC2012_val_00038049,knife,ILSVRC2012_val_00004379
clock,ILSVRC2012_val_00026380,elephant,ILSVRC2012_val_00033832
elephant,ILSVRC2012_val_00040258,cat,ILSVRC2012_val_00023923
bear,ILSVRC2012_val_00020386,elephant,ILSVRC2012_val_00010242
dog,ILSVRC2012_val_00027804,elephant,ILSVRC2012_val_00035137
airplane,ILSVRC2012_val_00008292,keyboard,ILSVRC2012_val_00008319
airplane,ILSVRC2012_val_00000631,bottle,ILSVRC2012_val_00018646
bird,ILSVRC2012_val_00018895,boat,ILSVRC2012_val_00012066
cat,ILSVRC2012_val_00024500,truck,ILSVRC2012_val_00022323
bear,ILSVRC2012_val_00020386,boat,ILSVRC2012_val_00032584
knife,ILSVRC2012_val_00027812,oven,ILSVRC2012_val_00011779
elephant,ILSVRC2012_val_00020120,bottle,ILSVRC2012_val_00026293
dog,ILSVRC2012_val_00020766,airplane,ILSVRC2012_val_00019677
boat,ILSVRC2012_val_00031072,bicycle,ILSVRC2012_val_00005546
cat,ILSVRC2012_val_00035566,bird,ILSVRC2012_val_00040933
cat,ILSVRC2012_val_00027448,dog,ILSVRC2012_val_00038737
clock,ILSVRC2012_val_00024425,dog,ILSVRC2012_val_00043074
elephant,ILSVRC2012_val_00028996,chair,ILSVRC2012_val_00000804
airplane,ILSVRC2012_val_00015636,keyboard,ILSVRC2012_val_00000104
car,ILSVRC2012_val_00015357,oven,ILSVRC2012_val_00029341
bear,ILSVRC2012_val_00032453,truck,ILSVRC2012_val_00026907
chair,ILSVRC2012_val_00015184,truck,ILSVRC2012_val_00030765
dog,ILSVRC2012_val_00027804,airplane,ILSVRC2012_val_00041518
oven,ILSVRC2012_val_00025917,boat,ILSVRC2012_val_00021429
clock,ILSVRC2012_val_00014169,bottle,ILSVRC2012_val_00025139
bear,ILSVRC2012_val_00009976,elephant,ILSVRC2012_val_00005704
clock,ILSVRC2012_val_00003134,boat,ILSVRC2012_val_00015044
bird,ILSVRC2012_val_00019082,truck,ILSVRC2012_val_00025131
bottle,ILSVRC2012_val_00000858,dog,ILSVRC2012_val_00025309
car,ILSVRC2012_val_00016613,dog,ILSVRC2012_val_00004539
elephant,ILSVRC2012_val_00028996,keyboard,ILSVRC2012_val_00000104
oven,ILSVRC2012_val_00021187,car,ILSVRC2012_val_00035603
keyboard,ILSVRC2012_val_00027154,bird,ILSVRC2012_val_00040664
cat,ILSVRC2012_val_00003295,truck,ILSVRC2012_val_00008012
truck,ILSVRC2012_val_00005345,clock,ILSVRC2012_val_00015628
bottle,ILSVRC2012_val_00024086,bear,ILSVRC2012_val_00002105
cat,ILSVRC2012_val_00015741,car,ILSVRC2012_val_00014732
clock,ILSVRC2012_val_00010270,bottle,ILSVRC2012_val_00047079
chair,ILSVRC2012_val_00042512,keyboard,ILSVRC2012_val_00026405
bird,ILSVRC2012_val_00006221,chair,ILSVRC2012_val_00019913
dog,ILSVRC2012_val_00032209,car,ILSVRC2012_val_00036695
bicycle,ILSVRC2012_val_00034037,bird,ILSVRC2012_val_00016198
boat,ILSVRC2012_val_00000901,truck,ILSVRC2012_val_00026004
airplane,ILSVRC2012_val_00014425,bear,ILSVRC2012_val_00027292
keyboard,ILSVRC2012_val_00003296,truck,ILSVRC2012_val_00042157
knife,ILSVRC2012_val_00027812,truck,ILSVRC2012_val_00030438
keyboard,ILSVRC2012_val_00001071,chair,ILSVRC2012_val_00002253
elephant,ILSVRC2012_val_00025043,bicycle,ILSVRC2012_val_00037438
knife,ILSVRC2012_val_00020998,chair,ILSVRC2012_val_00012040
bottle,ILSVRC2012_val_00021707,chair,ILSVRC2012_val_00007686
clock,ILSVRC2012_val_00035525,chair,ILSVRC2012_val_00013747
elephant,ILSVRC2012_val_00038578,car,ILSVRC2012_val_00012809
clock,ILSVRC2012_val_00033627,bird,ILSVRC2012_val_00029692
dog,ILSVRC2012_val_00004542,airplane,ILSVRC2012_val_00034342
clock,ILSVRC2012_val_00049764,airplane,ILSVRC2012_val_00024747
elephant,ILSVRC2012_val_00048781,cat,ILSVRC2012_val_00039979
boat,ILSVRC2012_val_00023856,oven,ILSVRC2012_val_00033304
elephant,ILSVRC2012_val_00034664,keyboard,ILSVRC2012_val_00000666
bottle,ILSVRC2012_val_00029711,chair,ILSVRC2012_val_00007693
car,ILSVRC2012_val_00008392,keyboard,ILSVRC2012_val_00019503
oven,ILSVRC2012_val_00028472,truck,ILSVRC2012_val_00005130
oven,ILSVRC2012_val_00005817,bottle,ILSVRC2012_val_00010827
car,ILSVRC2012_val_00019496,clock,ILSVRC2012_val_00041613
bird,ILSVRC2012_val_00002681,bottle,ILSVRC2012_val_00039338
oven,ILSVRC2012_val_00013982,keyboard,ILSVRC2012_val_00038711
car,ILSVRC2012_val_00013805,bird,ILSVRC2012_val_00014599
cat,ILSVRC2012_val_00015741,airplane,ILSVRC2012_val_00030531
elephant,ILSVRC2012_val_00048781,car,ILSVRC2012_val_00013258
bicycle,ILSVRC2012_val_00037292,elephant,ILSVRC2012_val_00022028
elephant,ILSVRC2012_val_00001177,bicycle,ILSVRC2012_val_00042393
chair,ILSVRC2012_val_00039872,bottle,ILSVRC2012_val_00018919
bicycle,ILSVRC2012_val_00026250,chair,ILSVRC2012_val_00014679
bicycle,ILSVRC2012_val_00042457,chair,ILSVRC2012_val_00039348
airplane,ILSVRC2012_val_00008292,elephant,ILSVRC2012_val_00035137
truck,ILSVRC2012_val_00005345,bird,ILSVRC2012_val_00047914
clock,ILSVRC2012_val_00026380,knife,ILSVRC2012_val_00009160
boat,ILSVRC2012_val_00023856,dog,ILSVRC2012_val_00043074
bottle,ILSVRC2012_val_00019274,car,ILSVRC2012_val_00022491
knife,ILSVRC2012_val_00021297,bicycle,ILSVRC2012_val_00037433
boat,ILSVRC2012_val_00034455,elephant,ILSVRC2012_val_00011002
bicycle,ILSVRC2012_val_00011329,bear,ILSVRC2012_val_00043182
car,ILSVRC2012_val_00038876,dog,ILSVRC2012_val_00021904
bird,ILSVRC2012_val_00013713,elephant,ILSVRC2012_val_00002282
bottle,ILSVRC2012_val_00028267,bicycle,ILSVRC2012_val_00018074
boat,ILSVRC2012_val_00011563,cat,ILSVRC2012_val_00041877
bicycle,ILSVRC2012_val_00022027,knife,ILSVRC2012_val_00029248
keyboard,ILSVRC2012_val_00020235,truck,ILSVRC2012_val_00021802
car,ILSVRC2012_val_00003478,airplane,ILSVRC2012_val_00022975
cat,ILSVRC2012_val_00013684,chair,ILSVRC2012_val_00021359
bear,ILSVRC2012_val_00009976,oven,ILSVRC2012_val_00002864
dog,ILSVRC2012_val_00024389,car,ILSVRC2012_val_00018335
clock,ILSVRC2012_val_00018143,bird,ILSVRC2012_val_00028670
bird,ILSVRC2012_val_00002681,chair,ILSVRC2012_val_00001289
oven,ILSVRC2012_val_00012082,dog,ILSVRC2012_val_00038737
boat,ILSVRC2012_val_00047650,dog,ILSVRC2012_val_00030339
chair,ILSVRC2012_val_00008768,airplane,ILSVRC2012_val_00048111
bicycle,ILSVRC2012_val_00027449,clock,ILSVRC2012_val_00009413
clock,ILSVRC2012_val_00024278,oven,ILSVRC2012_val_00033304
bicycle,ILSVRC2012_val_00026795,dog,ILSVRC2012_val_00046836
car,ILSVRC2012_val_00025260,keyboard,ILSVRC2012_val_00033563
car,ILSVRC2012_val_00022739,bottle,ILSVRC2012_val_00031614
keyboard,ILSVRC2012_val_00012234,cat,ILSVRC2012_val_00040745
keyboard,ILSVRC2012_val_00042686,elephant,ILSVRC2012_val_00046061
bear,ILSVRC2012_val_00013482,cat,ILSVRC2012_val_00025168
chair,ILSVRC2012_val_00045844,knife,ILSVRC2012_val_00025279
clock,ILSVRC2012_val_00018143,car,ILSVRC2012_val_00035603
oven,ILSVRC2012_val_00012082,airplane,ILSVRC2012_val_00019179
cat,ILSVRC2012_val_00036603,chair,ILSVRC2012_val_00017447
bicycle,ILSVRC2012_val_00023266,keyboard,ILSVRC2012_val_00038711
cat,ILSVRC2012_val_00003295,chair,ILSVRC2012_val_00044295
bird,ILSVRC2012_val_00010845,boat,ILSVRC2012_val_00008828
dog,ILSVRC2012_val_00005942,chair,ILSVRC2012_val_00041883
elephant,ILSVRC2012_val_00033235,boat,ILSVRC2012_val_00039286
bear,ILSVRC2012_val_00031645,chair,ILSVRC2012_val_00025634
bird,ILSVRC2012_val_00038681,cat,ILSVRC2012_val_00024000
oven,ILSVRC2012_val_00004891,keyboard,ILSVRC2012_val_00045039
bear,ILSVRC2012_val_00031645,dog,ILSVRC2012_val_00038737
chair,ILSVRC2012_val_00022126,car,ILSVRC2012_val_00010252
chair,ILSVRC2012_val_00001616,airplane,ILSVRC2012_val_00003960
boat,ILSVRC2012_val_00039041,chair,ILSVRC2012_val_00024368
chair,ILSVRC2012_val_00008768,dog,ILSVRC2012_val_00044232
bird,ILSVRC2012_val_00024808,car,ILSVRC2012_val_00018117
car,ILSVRC2012_val_00046196,chair,ILSVRC2012_val_00039348
keyboard,ILSVRC2012_val_00048307,oven,ILSVRC2012_val_00015514
dog,ILSVRC2012_val_00004542,bear,ILSVRC2012_val_00035292
car,ILSVRC2012_val_00014447,cat,ILSVRC2012_val_00003382
car,ILSVRC2012_val_00038876,oven,ILSVRC2012_val_00014839
bottle,ILSVRC2012_val_00049261,bird,ILSVRC2012_val_00005287
car,ILSVRC2012_val_00016613,oven,ILSVRC2012_val_00002517
chair,ILSVRC2012_val_00042822,knife,ILSVRC2012_val_00002212
dog,ILSVRC2012_val_00032209,oven,ILSVRC2012_val_00017971
dog,ILSVRC2012_val_00042319,bottle,ILSVRC2012_val_00017570
car,ILSVRC2012_val_00010455,bird,ILSVRC2012_val_00009374
dog,ILSVRC2012_val_00005820,bear,ILSVRC2012_val_00043730
elephant,ILSVRC2012_val_00038720,bicycle,ILSVRC2012_val_00018015
bird,ILSVRC2012_val_00024592,cat,ILSVRC2012_val_00039390
elephant,ILSVRC2012_val_00038720,bird,ILSVRC2012_val_00040933
chair,ILSVRC2012_val_00019420,bear,ILSVRC2012_val_00020050
chair,ILSVRC2012_val_00041916,bear,ILSVRC2012_val_00012507
keyboard,ILSVRC2012_val_00012808,bicycle,ILSVRC2012_val_00024105
boat,ILSVRC2012_val_00020894,airplane,ILSVRC2012_val_00036394
keyboard,ILSVRC2012_val_00049917,chair,ILSVRC2012_val_00024368
truck,ILSVRC2012_val_00043256,oven,ILSVRC2012_val_00014839
bottle,ILSVRC2012_val_00040265,bicycle,ILSVRC2012_val_00010544
knife,ILSVRC2012_val_00027474,bottle,ILSVRC2012_val_00016679
truck,ILSVRC2012_val_00002888,boat,ILSVRC2012_val_00025712
dog,ILSVRC2012_val_00041043,bird,ILSVRC2012_val_00014599
boat,ILSVRC2012_val_00031072,clock,ILSVRC2012_val_00033429
oven,ILSVRC2012_val_00010367,car,ILSVRC2012_val_00029094
bear,ILSVRC2012_val_00044129,airplane,ILSVRC2012_val_00011168
boat,ILSVRC2012_val_00012154,bird,ILSVRC2012_val_00046041
clock,ILSVRC2012_val_00021836,bear,ILSVRC2012_val_00040376
knife,ILSVRC2012_val_00004815,dog,ILSVRC2012_val_00000462
car,ILSVRC2012_val_00010455,oven,ILSVRC2012_val_00017971
airplane,ILSVRC2012_val_00043242,cat,ILSVRC2012_val_00041877
elephant,ILSVRC2012_val_00043193,chair,ILSVRC2012_val_00008903
knife,ILSVRC2012_val_00014608,truck,ILSVRC2012_val_00034078
knife,ILSVRC2012_val_00048891,elephant,ILSVRC2012_val_00022028
cat,ILSVRC2012_val_00036603,bottle,ILSVRC2012_val_00016679
clock,ILSVRC2012_val_00006740,chair,ILSVRC2012_val_00049050
boat,ILSVRC2012_val_00047650,bear,ILSVRC2012_val_00035292
oven,ILSVRC2012_val_00031595,clock,ILSVRC2012_val_00034426
bear,ILSVRC2012_val_00031253,clock,ILSVRC2012_val_00015820
clock,ILSVRC2012_val_00026752,bicycle,ILSVRC2012_val_00036903
bear,ILSVRC2012_val_00031253,truck,ILSVRC2012_val_00038712
truck,ILSVRC2012_val_00041314,dog,ILSVRC2012_val_00043074
knife,ILSVRC2012_val_00003462,chair,ILSVRC2012_val_00013747
oven,ILSVRC2012_val_00010367,bear,ILSVRC2012_val_00048979
airplane,ILSVRC2012_val_00015498,dog,ILSVRC2012_val_00000462
car,ILSVRC2012_val_00008392,dog,ILSVRC2012_val_00049397
elephant,ILSVRC2012_val_00041799,bird,ILSVRC2012_val_00016198
dog,ILSVRC2012_val_00042319,oven,ILSVRC2012_val_00017795
bird,ILSVRC2012_val_00019082,car,ILSVRC2012_val_00031558
keyboard,ILSVRC2012_val_00002755,elephant,ILSVRC2012_val_00010196
bicycle,ILSVRC2012_val_00049750,bear,ILSVRC2012_val_00047752
car,ILSVRC2012_val_00005456,dog,ILSVRC2012_val_00000708
airplane,ILSVRC2012_val_00035783,bird,ILSVRC2012_val_00028670
oven,ILSVRC2012_val_00003075,dog,ILSVRC2012_val_00024967
clock,ILSVRC2012_val_00032136,knife,ILSVRC2012_val_00029248
clock,ILSVRC2012_val_00026380,oven,ILSVRC2012_val_00035817
oven,ILSVRC2012_val_00010717,truck,ILSVRC2012_val_00007519
bear,ILSVRC2012_val_00017155,chair,ILSVRC2012_val_00002253
knife,ILSVRC2012_val_00041660,boat,ILSVRC2012_val_00012489
car,ILSVRC2012_val_00007125,airplane,ILSVRC2012_val_00026859
clock,ILSVRC2012_val_00021836,truck,ILSVRC2012_val_00036699
knife,ILSVRC2012_val_00016901,keyboard,ILSVRC2012_val_00026405
keyboard,ILSVRC2012_val_00018176,knife,ILSVRC2012_val_00048029
chair,ILSVRC2012_val_00044863,airplane,ILSVRC2012_val_00033161
dog,ILSVRC2012_val_00034382,boat,ILSVRC2012_val_00042163
knife,ILSVRC2012_val_00004815,keyboard,ILSVRC2012_val_00008319
clock,ILSVRC2012_val_00044752,keyboard,ILSVRC2012_val_00045117
chair,ILSVRC2012_val_00039872,bicycle,ILSVRC2012_val_00012325
truck,ILSVRC2012_val_00002210,airplane,ILSVRC2012_val_00036394
oven,ILSVRC2012_val_00041974,bear,ILSVRC2012_val_00012507
bear,ILSVRC2012_val_00048940,bird,ILSVRC2012_val_00046802
bird,ILSVRC2012_val_00041135,clock,ILSVRC2012_val_00032946
dog,ILSVRC2012_val_00041503,bottle,ILSVRC2012_val_00031614
airplane,ILSVRC2012_val_00001952,chair,ILSVRC2012_val_00024368
boat,ILSVRC2012_val_00032860,bicycle,ILSVRC2012_val_00048885
bird,ILSVRC2012_val_00026090,boat,ILSVRC2012_val_00041736
bear,ILSVRC2012_val_00003499,chair,ILSVRC2012_val_00007693
boat,ILSVRC2012_val_00028027,bird,ILSVRC2012_val_00040664
truck,ILSVRC2012_val_00008879,boat,ILSVRC2012_val_00042163
knife,ILSVRC2012_val_00016901,truck,ILSVRC2012_val_00033804
dog,ILSVRC2012_val_00002550,clock,ILSVRC2012_val_00041652
bird,ILSVRC2012_val_00024592,oven,ILSVRC2012_val_00015514
bottle,ILSVRC2012_val_00024086,bird,ILSVRC2012_val_00028791
bicycle,ILSVRC2012_val_00029848,clock,ILSVRC2012_val_00008814
oven,ILSVRC2012_val_00013982,airplane,ILSVRC2012_val_00040547
elephant,ILSVRC2012_val_00034527,bicycle,ILSVRC2012_val_00040237
knife,ILSVRC2012_val_00034599,boat,ILSVRC2012_val_00004621
truck,ILSVRC2012_val_00032380,dog,ILSVRC2012_val_00048032
truck,ILSVRC2012_val_00023473,clock,ILSVRC2012_val_00032946
dog,ILSVRC2012_val_00043763,cat,ILSVRC2012_val_00041877
elephant,ILSVRC2012_val_00045103,knife,ILSVRC2012_val_00009367
chair,ILSVRC2012_val_00041916,clock,ILSVRC2012_val_00014035
bicycle,ILSVRC2012_val_00037292,oven,ILSVRC2012_val_00022397
bicycle,ILSVRC2012_val_00023131,airplane,ILSVRC2012_val_00048111
oven,ILSVRC2012_val_00045813,knife,ILSVRC2012_val_00002212
truck,ILSVRC2012_val_00044888,chair,ILSVRC2012_val_00008903
keyboard,ILSVRC2012_val_00048307,knife,ILSVRC2012_val_00008526
knife,ILSVRC2012_val_00048891,chair,ILSVRC2012_val_00049050
clock,ILSVRC2012_val_00042316,keyboard,ILSVRC2012_val_00023014
keyboard,ILSVRC2012_val_00037986,bicycle,ILSVRC2012_val_00017103
car,ILSVRC2012_val_00033293,bicycle,ILSVRC2012_val_00019390
truck,ILSVRC2012_val_00002888,bear,ILSVRC2012_val_00020050
dog,ILSVRC2012_val_00014719,airplane,ILSVRC2012_val_00016995
bicycle,ILSVRC2012_val_00030112,clock,ILSVRC2012_val_00019663
bear,ILSVRC2012_val_00039819,clock,ILSVRC2012_val_00007256
clock,ILSVRC2012_val_00024425,knife,ILSVRC2012_val_00040170
truck,ILSVRC2012_val_00032380,bottle,ILSVRC2012_val_00035061
chair,ILSVRC2012_val_00027119,bear,ILSVRC2012_val_00011036
airplane,ILSVRC2012_val_00035783,keyboard,ILSVRC2012_val_00032961
clock,ILSVRC2012_val_00042316,chair,ILSVRC2012_val_00002253
bird,ILSVRC2012_val_00025023,bear,ILSVRC2012_val_00028217
bird,ILSVRC2012_val_00006383,dog,ILSVRC2012_val_00009985
knife,ILSVRC2012_val_00003462,boat,ILSVRC2012_val_00042203
bird,ILSVRC2012_val_00039988,airplane,ILSVRC2012_val_00040547
boat,ILSVRC2012_val_00008477,cat,ILSVRC2012_val_00048160
cat,ILSVRC2012_val_00033420,elephant,ILSVRC2012_val_00036436
airplane,ILSVRC2012_val_00028019,boat,ILSVRC2012_val_00026054
bear,ILSVRC2012_val_00004660,bird,ILSVRC2012_val_00012123
oven,ILSVRC2012_val_00041974,clock,ILSVRC2012_val_00014353
bear,ILSVRC2012_val_00028222,dog,ILSVRC2012_val_00041718
airplane,ILSVRC2012_val_00000631,keyboard,ILSVRC2012_val_00033563
elephant,ILSVRC2012_val_00049268,bird,ILSVRC2012_val_00009374
bottle,ILSVRC2012_val_00049261,boat,ILSVRC2012_val_00011636
car,ILSVRC2012_val_00015357,truck,ILSVRC2012_val_00025131
cat,ILSVRC2012_val_00023864,car,ILSVRC2012_val_00001247
cat,ILSVRC2012_val_00008778,chair,ILSVRC2012_val_00037803
keyboard,ILSVRC2012_val_00001089,oven,ILSVRC2012_val_00038775
bicycle,ILSVRC2012_val_00018975,oven,ILSVRC2012_val_00001625
boat,ILSVRC2012_val_00000901,oven,ILSVRC2012_val_00007052
bottle,ILSVRC2012_val_00006632,airplane,ILSVRC2012_val_00030411
bird,ILSVRC2012_val_00002265,car,ILSVRC2012_val_00038060
truck,ILSVRC2012_val_00042487,knife,ILSVRC2012_val_00015679
bird,ILSVRC2012_val_00045323,dog,ILSVRC2012_val_00029609
oven,ILSVRC2012_val_00041628,keyboard,ILSVRC2012_val_00045117
keyboard,ILSVRC2012_val_00003296,elephant,ILSVRC2012_val_00001958
bear,ILSVRC2012_val_00012603,cat,ILSVRC2012_val_00024427
oven,ILSVRC2012_val_00031595,chair,ILSVRC2012_val_00044194
elephant,ILSVRC2012_val_00039678,truck,ILSVRC2012_val_00020382
elephant,ILSVRC2012_val_00034664,truck,ILSVRC2012_val_00026907
chair,ILSVRC2012_val_00045464,keyboard,ILSVRC2012_val_00029239
truck,ILSVRC2012_val_00042487,oven,ILSVRC2012_val_00047123
bird,ILSVRC2012_val_00006221,truck,ILSVRC2012_val_00021802
dog,ILSVRC2012_val_00002550,boat,ILSVRC2012_val_00041736
bear,ILSVRC2012_val_00020386,dog,ILSVRC2012_val_00049397
airplane,ILSVRC2012_val_00040136,bird,ILSVRC2012_val_00020875
elephant,ILSVRC2012_val_00040258,car,ILSVRC2012_val_00049427
bottle,ILSVRC2012_val_00021446,oven,ILSVRC2012_val_00039873
bear,ILSVRC2012_val_00034637,chair,ILSVRC2012_val_00007686
car,ILSVRC2012_val_00042416,dog,ILSVRC2012_val_00013508
dog,ILSVRC2012_val_00005820,oven,ILSVRC2012_val_00014839
bicycle,ILSVRC2012_val_00030112,oven,ILSVRC2012_val_00020361
bird,ILSVRC2012_val_00024030,elephant,ILSVRC2012_val_00025237
chair,ILSVRC2012_val_00028185,elephant,ILSVRC2012_val_00009280
airplane,ILSVRC2012_val_00040136,dog,ILSVRC2012_val_00013508
knife,ILSVRC2012_val_00034765,clock,ILSVRC2012_val_00004307
dog,ILSVRC2012_val_00041503,boat,ILSVRC2012_val_00008828
elephant,ILSVRC2012_val_00020120,car,ILSVRC2012_val_00010676
bird,ILSVRC2012_val_00038681,oven,ILSVRC2012_val_00037357
bird,ILSVRC2012_val_00008364,chair,ILSVRC2012_val_00021359
airplane,ILSVRC2012_val_00033441,oven,ILSVRC2012_val_00047123
bear,ILSVRC2012_val_00031253,bicycle,ILSVRC2012_val_00024105
airplane,ILSVRC2012_val_00015636,cat,ILSVRC2012_val_00048160
bicycle,ILSVRC2012_val_00043207,bottle,ILSVRC2012_val_00027970
oven,ILSVRC2012_val_00010717,boat,ILSVRC2012_val_00023020
knife,ILSVRC2012_val_00020998,bicycle,ILSVRC2012_val_00005546
clock,ILSVRC2012_val_00018143,truck,ILSVRC2012_val_00007519
bird,ILSVRC2012_val_00019082,knife,ILSVRC2012_val_00009160
cat,ILSVRC2012_val_00028213,clock,ILSVRC2012_val_00034426
cat,ILSVRC2012_val_00011854,bottle,ILSVRC2012_val_00022396
elephant,ILSVRC2012_val_00034527,airplane,ILSVRC2012_val_00026859
bicycle,ILSVRC2012_val_00011329,truck,ILSVRC2012_val_00016410
chair,ILSVRC2012_val_00007063,car,ILSVRC2012_val_00016314
knife,ILSVRC2012_val_00014608,bottle,ILSVRC2012_val_00030379
bottle,ILSVRC2012_val_00015556,bicycle,ILSVRC2012_val_00049001
bird,ILSVRC2012_val_00032982,bottle,ILSVRC2012_val_00035507
truck,ILSVRC2012_val_00041314,bicycle,ILSVRC2012_val_00031631
bird,ILSVRC2012_val_00032982,dog,ILSVRC2012_val_00048032
