class,wnid,filename
airplane,n02690373,ILSVRC2012_val_00000631.JPEG
airplane,n02690373,ILSVRC2012_val_00001390.JPEG
airplane,n02690373,ILSVRC2012_val_00001506.JPEG
airplane,n02690373,ILSVRC2012_val_00001952.JPEG
airplane,n02690373,ILSVRC2012_val_00003960.JPEG
airplane,n02690373,ILSVRC2012_val_00008292.JPEG
airplane,n02690373,ILSVRC2012_val_00009537.JPEG
airplane,n02690373,ILSVRC2012_val_00010597.JPEG
airplane,n02690373,ILSVRC2012_val_00011168.JPEG
airplane,n02690373,ILSVRC2012_val_00012263.JPEG
airplane,n02690373,ILSVRC2012_val_00014425.JPEG
airplane,n02690373,ILSVRC2012_val_00015498.JPEG
airplane,n02690373,ILSVRC2012_val_00015636.JPEG
airplane,n02690373,ILSVRC2012_val_00016995.JPEG
airplane,n02690373,ILSVRC2012_val_00018616.JPEG
airplane,n02690373,ILSVRC2012_val_00018685.JPEG
airplane,n02690373,ILSVRC2012_val_00019179.JPEG
airplane,n02690373,ILSVRC2012_val_00019677.JPEG
airplane,n02690373,ILSVRC2012_val_00022532.JPEG
airplane,n02690373,ILSVRC2012_val_00022975.JPEG
airplane,n02690373,ILSVRC2012_val_00023316.JPEG
airplane,n02690373,ILSVRC2012_val_00023781.JPEG
airplane,n02690373,ILSVRC2012_val_00023863.JPEG
airplane,n02690373,ILSVRC2012_val_00024108.JPEG
airplane,n02690373,ILSVRC2012_val_00024747.JPEG
airplane,n02690373,ILSVRC2012_val_00026189.JPEG
airplane,n02690373,ILSVRC2012_val_00026859.JPEG
airplane,n02690373,ILSVRC2012_val_00028019.JPEG
airplane,n02690373,ILSVRC2012_val_00030319.JPEG
airplane,n02690373,ILSVRC2012_val_00030411.JPEG
airplane,n02690373,ILSVRC2012_val_00030531.JPEG
airplane,n02690373,ILSVRC2012_val_00032804.JPEG
airplane,n02690373,ILSVRC2012_val_00033161.JPEG
airplane,n02690373,ILSVRC2012_val_00033441.JPEG
airplane,n02690373,ILSVRC2012_val_00033920.JPEG
airplane,n02690373,ILSVRC2012_val_00034342.JPEG
airplane,n02690373,ILSVRC2012_val_00035783.JPEG
airplane,n02690373,ILSVRC2012_val_00036394.JPEG
airplane,n02690373,ILSVRC2012_val_00037801.JPEG
airplane,n02690373,ILSVRC2012_val_00039213.JPEG
airplane,n02690373,ILSVRC2012_val_00040136.JPEG
airplane,n02690373,ILSVRC2012_val_00040547.JPEG
airplane,n02690373,ILSVRC2012_val_00041518.JPEG
airplane,n02690373,ILSVRC2012_val_00043242.JPEG
airplane,n02690373,ILSVRC2012_val_00044253.JPEG
airplane,n02690373,ILSVRC2012_val_00046862.JPEG
airplane,n02690373,ILSVRC2012_val_00046971.JPEG
airplane,n02690373,ILSVRC2012_val_00047829.JPEG
airplane,n02690373,ILSVRC2012_val_00048111.JPEG
airplane,n02690373,ILSVRC2012_val_00049097.JPEG
bear,n02133161,ILSVRC2012_val_00000592.JPEG
bear,n02132136,ILSVRC2012_val_00000871.JPEG
bear,n02132136,ILSVRC2012_val_00001199.JPEG
bear,n02134084,ILSVRC2012_val_00002105.JPEG
bear,n02134084,ILSVRC2012_val_00002578.JPEG
bear,n02132136,ILSVRC2012_val_00003044.JPEG
bear,n02134418,ILSVRC2012_val_00003499.JPEG
bear,n02133161,ILSVRC2012_val_00004660.JPEG
bear,n02134084,ILSVRC2012_val_00005369.JPEG
bear,n02134418,ILSVRC2012_val_00005415.JPEG
bear,n02133161,ILSVRC2012_val_00006350.JPEG
bear,n02134418,ILSVRC2012_val_00006386.JPEG
bear,n02133161,ILSVRC2012_val_00007093.JPEG
bear,n02134084,ILSVRC2012_val_00007713.JPEG
bear,n02134418,ILSVRC2012_val_00009976.JPEG
bear,n02132136,ILSVRC2012_val_00010281.JPEG
bear,n02134084,ILSVRC2012_val_00010742.JPEG
bear,n02134418,ILSVRC2012_val_00011036.JPEG
bear,n02133161,ILSVRC2012_val_00011726.JPEG
bear,n02132136,ILSVRC2012_val_00011967.JPEG
bear,n02133161,ILSVRC2012_val_00012507.JPEG
bear,n02134418,ILSVRC2012_val_00012603.JPEG
bear,n02134084,ILSVRC2012_val_00012997.JPEG
bear,n02132136,ILSVRC2012_val_00013482.JPEG
bear,n02133161,ILSVRC2012_val_00014029.JPEG
bear,n02132136,ILSVRC2012_val_00015955.JPEG
bear,n02133161,ILSVRC2012_val_00016229.JPEG
bear,n02132136,ILSVRC2012_val_00017155.JPEG
bear,n02134084,ILSVRC2012_val_00017605.JPEG
bear,n02132136,ILSVRC2012_val_00018369.JPEG
bear,n02133161,ILSVRC2012_val_00018471.JPEG
bear,n02133161,ILSVRC2012_val_00018788.JPEG
bear,n02134084,ILSVRC2012_val_00019930.JPEG
bear,n02133161,ILSVRC2012_val_00020050.JPEG
bear,n02134084,ILSVRC2012_val_00020332.JPEG
bear,n02134084,ILSVRC2012_val_00020386.JPEG
bear,n02134084,ILSVRC2012_val_00020806.JPEG
bear,n02134084,ILSVRC2012_val_00021883.JPEG
bear,n02134418,ILSVRC2012_val_00022111.JPEG
bear,n02132136,ILSVRC2012_val_00023511.JPEG
bear,n02133161,ILSVRC2012_val_00024289.JPEG
bear,n02133161,ILSVRC2012_val_00026962.JPEG
bear,n02134084,ILSVRC2012_val_00027089.JPEG
bear,n02133161,ILSVRC2012_val_00027292.JPEG
bear,n02134418,ILSVRC2012_val_00028217.JPEG
bear,n02134084,ILSVRC2012_val_00028222.JPEG
bear,n02133161,ILSVRC2012_val_00029278.JPEG
bear,n02134084,ILSVRC2012_val_00030485.JPEG
bear,n02134084,ILSVRC2012_val_00030704.JPEG
bear,n02133161,ILSVRC2012_val_00030951.JPEG
bear,n02132136,ILSVRC2012_val_00031253.JPEG
bear,n02132136,ILSVRC2012_val_00031645.JPEG
bear,n02134418,ILSVRC2012_val_00032283.JPEG
bear,n02132136,ILSVRC2012_val_00032453.JPEG
bear,n02134418,ILSVRC2012_val_00032576.JPEG
bear,n02133161,ILSVRC2012_val_00033782.JPEG
bear,n02133161,ILSVRC2012_val_00033969.JPEG
bear,n02134418,ILSVRC2012_val_00034200.JPEG
bear,n02134418,ILSVRC2012_val_00034637.JPEG
bear,n02133161,ILSVRC2012_val_00035157.JPEG
bear,n02133161,ILSVRC2012_val_00035292.JPEG
bear,n02134084,ILSVRC2012_val_00038821.JPEG
bear,n02134418,ILSVRC2012_val_00038825.JPEG
bear,n02133161,ILSVRC2012_val_00038918.JPEG
bear,n02132136,ILSVRC2012_val_00039227.JPEG
bear,n02134418,ILSVRC2012_val_00039399.JPEG
bear,n02133161,ILSVRC2012_val_00039819.JPEG
bear,n02133161,ILSVRC2012_val_00040347.JPEG
bear,n02132136,ILSVRC2012_val_00040376.JPEG
bear,n02134084,ILSVRC2012_val_00040753.JPEG
bear,n02134084,ILSVRC2012_val_00040871.JPEG
bear,n02133161,ILSVRC2012_val_00041813.JPEG
bear,n02132136,ILSVRC2012_val_00042274.JPEG
bear,n02134084,ILSVRC2012_val_00042687.JPEG
bear,n02134418,ILSVRC2012_val_00043016.JPEG
bear,n02132136,ILSVRC2012_val_00043182.JPEG
bear,n02132136,ILSVRC2012_val_00043730.JPEG
bear,n02134418,ILSVRC2012_val_00044129.JPEG
bear,n02134418,ILSVRC2012_val_00044349.JPEG
bear,n02134084,ILSVRC2012_val_00044402.JPEG
bear,n02134084,ILSVRC2012_val_00044610.JPEG
bear,n02134418,ILSVRC2012_val_00044947.JPEG
bear,n02134418,ILSVRC2012_val_00045098.JPEG
bear,n02133161,ILSVRC2012_val_00045189.JPEG
bear,n02134418,ILSVRC2012_val_00045672.JPEG
bear,n02133161,ILSVRC2012_val_00045891.JPEG
bear,n02132136,ILSVRC2012_val_00045952.JPEG
bear,n02134418,ILSVRC2012_val_00046036.JPEG
bear,n02132136,ILSVRC2012_val_00046207.JPEG
bear,n02134084,ILSVRC2012_val_00047020.JPEG
bear,n02134418,ILSVRC2012_val_00047458.JPEG
bear,n02134084,ILSVRC2012_val_00047527.JPEG
bear,n02132136,ILSVRC2012_val_00047752.JPEG
bear,n02134084,ILSVRC2012_val_00048086.JPEG
bear,n02134084,ILSVRC2012_val_00048105.JPEG
bear,n02133161,ILSVRC2012_val_00048118.JPEG
bear,n02134084,ILSVRC2012_val_00048940.JPEG
bear,n02132136,ILSVRC2012_val_00048979.JPEG
bear,n02132136,ILSVRC2012_val_00049822.JPEG
bear,n02133161,ILSVRC2012_val_00049973.JPEG
bicycle,n02835271,ILSVRC2012_val_00000953.JPEG
bicycle,n02835271,ILSVRC2012_val_00001012.JPEG
bicycle,n02835271,ILSVRC2012_val_00001243.JPEG
bicycle,n02835271,ILSVRC2012_val_00001311.JPEG
bicycle,n03792782,ILSVRC2012_val_00001659.JPEG
bicycle,n03792782,ILSVRC2012_val_00001661.JPEG
bicycle,n03792782,ILSVRC2012_val_00003873.JPEG
bicycle,n03792782,ILSVRC2012_val_00004147.JPEG
bicycle,n02835271,ILSVRC2012_val_00005274.JPEG
bicycle,n03792782,ILSVRC2012_val_00005303.JPEG
bicycle,n03792782,ILSVRC2012_val_00005330.JPEG
bicycle,n03792782,ILSVRC2012_val_00005546.JPEG
bicycle,n02835271,ILSVRC2012_val_00005650.JPEG
bicycle,n03792782,ILSVRC2012_val_00006158.JPEG
bicycle,n02835271,ILSVRC2012_val_00006395.JPEG
bicycle,n02835271,ILSVRC2012_val_00008007.JPEG
bicycle,n02835271,ILSVRC2012_val_00009228.JPEG
bicycle,n02835271,ILSVRC2012_val_00010544.JPEG
bicycle,n03792782,ILSVRC2012_val_00011329.JPEG
bicycle,n03792782,ILSVRC2012_val_00011330.JPEG
bicycle,n02835271,ILSVRC2012_val_00011821.JPEG
bicycle,n03792782,ILSVRC2012_val_00012096.JPEG
bicycle,n02835271,ILSVRC2012_val_00012325.JPEG
bicycle,n02835271,ILSVRC2012_val_00012667.JPEG
bicycle,n02835271,ILSVRC2012_val_00015483.JPEG
bicycle,n02835271,ILSVRC2012_val_00015618.JPEG
bicycle,n03792782,ILSVRC2012_val_00015867.JPEG
bicycle,n02835271,ILSVRC2012_val_00016532.JPEG
bicycle,n03792782,ILSVRC2012_val_00016815.JPEG
bicycle,n03792782,ILSVRC2012_val_00017103.JPEG
bicycle,n03792782,ILSVRC2012_val_00018015.JPEG
bicycle,n02835271,ILSVRC2012_val_00018042.JPEG
bicycle,n03792782,ILSVRC2012_val_00018074.JPEG
bicycle,n03792782,ILSVRC2012_val_00018304.JPEG
bicycle,n02835271,ILSVRC2012_val_00018975.JPEG
bicycle,n03792782,ILSVRC2012_val_00019203.JPEG
bicycle,n02835271,ILSVRC2012_val_00019390.JPEG
bicycle,n03792782,ILSVRC2012_val_00019513.JPEG
bicycle,n03792782,ILSVRC2012_val_00020631.JPEG
bicycle,n02835271,ILSVRC2012_val_00022027.JPEG
bicycle,n02835271,ILSVRC2012_val_00023131.JPEG
bicycle,n02835271,ILSVRC2012_val_00023266.JPEG
bicycle,n03792782,ILSVRC2012_val_00024105.JPEG
bicycle,n03792782,ILSVRC2012_val_00024517.JPEG
bicycle,n02835271,ILSVRC2012_val_00025534.JPEG
bicycle,n02835271,ILSVRC2012_val_00025915.JPEG
bicycle,n02835271,ILSVRC2012_val_00026250.JPEG
bicycle,n02835271,ILSVRC2012_val_00026292.JPEG
bicycle,n02835271,ILSVRC2012_val_00026795.JPEG
bicycle,n02835271,ILSVRC2012_val_00026900.JPEG
bicycle,n02835271,ILSVRC2012_val_00027159.JPEG
bicycle,n03792782,ILSVRC2012_val_00027449.JPEG
bicycle,n02835271,ILSVRC2012_val_00027620.JPEG
bicycle,n03792782,ILSVRC2012_val_00028824.JPEG
bicycle,n03792782,ILSVRC2012_val_00029396.JPEG
bicycle,n03792782,ILSVRC2012_val_00029509.JPEG
bicycle,n02835271,ILSVRC2012_val_00029848.JPEG
bicycle,n02835271,ILSVRC2012_val_00030070.JPEG
bicycle,n03792782,ILSVRC2012_val_00030112.JPEG
bicycle,n03792782,ILSVRC2012_val_00030892.JPEG
bicycle,n03792782,ILSVRC2012_val_00031485.JPEG
bicycle,n02835271,ILSVRC2012_val_00031498.JPEG
bicycle,n02835271,ILSVRC2012_val_00031631.JPEG
bicycle,n03792782,ILSVRC2012_val_00032009.JPEG
bicycle,n03792782,ILSVRC2012_val_00032967.JPEG
bicycle,n02835271,ILSVRC2012_val_00033559.JPEG
bicycle,n03792782,ILSVRC2012_val_00033757.JPEG
bicycle,n02835271,ILSVRC2012_val_00034037.JPEG
bicycle,n02835271,ILSVRC2012_val_00036009.JPEG
bicycle,n03792782,ILSVRC2012_val_00036119.JPEG
bicycle,n03792782,ILSVRC2012_val_00036678.JPEG
bicycle,n02835271,ILSVRC2012_val_00036903.JPEG
bicycle,n02835271,ILSVRC2012_val_00037292.JPEG
bicycle,n02835271,ILSVRC2012_val_00037433.JPEG
bicycle,n03792782,ILSVRC2012_val_00037438.JPEG
bicycle,n02835271,ILSVRC2012_val_00037658.JPEG
bicycle,n02835271,ILSVRC2012_val_00038409.JPEG
bicycle,n02835271,ILSVRC2012_val_00038415.JPEG
bicycle,n02835271,ILSVRC2012_val_00040027.JPEG
bicycle,n03792782,ILSVRC2012_val_00040230.JPEG
bicycle,n03792782,ILSVRC2012_val_00040237.JPEG
bicycle,n02835271,ILSVRC2012_val_00040248.JPEG
bicycle,n03792782,ILSVRC2012_val_00041265.JPEG
bicycle,n03792782,ILSVRC2012_val_00042393.JPEG
bicycle,n03792782,ILSVRC2012_val_00042426.JPEG
bicycle,n03792782,ILSVRC2012_val_00042457.JPEG
bicycle,n02835271,ILSVRC2012_val_00042496.JPEG
bicycle,n03792782,ILSVRC2012_val_00043207.JPEG
bicycle,n03792782,ILSVRC2012_val_00043403.JPEG
bicycle,n02835271,ILSVRC2012_val_00043435.JPEG
bicycle,n03792782,ILSVRC2012_val_00044080.JPEG
bicycle,n03792782,ILSVRC2012_val_00044560.JPEG
bicycle,n03792782,ILSVRC2012_val_00045152.JPEG
bicycle,n02835271,ILSVRC2012_val_00045400.JPEG
bicycle,n03792782,ILSVRC2012_val_00046549.JPEG
bicycle,n03792782,ILSVRC2012_val_00046987.JPEG
bicycle,n02835271,ILSVRC2012_val_00048885.JPEG
bicycle,n03792782,ILSVRC2012_val_00049001.JPEG
bicycle,n02835271,ILSVRC2012_val_00049382.JPEG
bicycle,n03792782,ILSVRC2012_val_00049750.JPEG
bird,n02006656,ILSVRC2012_val_00000774.JPEG
bird,n01530575,ILSVRC2012_val_00002023.JPEG
bird,n02025239,ILSVRC2012_val_00002265.JPEG
bird,n01592084,ILSVRC2012_val_00002681.JPEG
bird,n01817953,ILSVRC2012_val_00002791.JPEG
bird,n01843383,ILSVRC2012_val_00003271.JPEG
bird,n02025239,ILSVRC2012_val_00003361.JPEG
bird,n01833805,ILSVRC2012_val_00005150.JPEG
bird,n01829413,ILSVRC2012_val_00005282.JPEG
bird,n01531178,ILSVRC2012_val_00005287.JPEG
bird,n02009912,ILSVRC2012_val_00005474.JPEG
bird,n01833805,ILSVRC2012_val_00005873.JPEG
bird,n01537544,ILSVRC2012_val_00005931.JPEG
bird,n01796340,ILSVRC2012_val_00006221.JPEG
bird,n02051845,ILSVRC2012_val_00006383.JPEG
bird,n01843383,ILSVRC2012_val_00006460.JPEG
bird,n02033041,ILSVRC2012_val_00007172.JPEG
bird,n01855032,ILSVRC2012_val_00007973.JPEG
bird,n02009229,ILSVRC2012_val_00008364.JPEG
bird,n01592084,ILSVRC2012_val_00009374.JPEG
bird,n01843065,ILSVRC2012_val_00010156.JPEG
bird,n01622779,ILSVRC2012_val_00010457.JPEG
bird,n01530575,ILSVRC2012_val_00010689.JPEG
bird,n02037110,ILSVRC2012_val_00010845.JPEG
bird,n01534433,ILSVRC2012_val_00012058.JPEG
bird,n01795545,ILSVRC2012_val_00012123.JPEG
bird,n01829413,ILSVRC2012_val_00013713.JPEG
bird,n01558993,ILSVRC2012_val_00014362.JPEG
bird,n02017213,ILSVRC2012_val_00014599.JPEG
bird,n01855032,ILSVRC2012_val_00015322.JPEG
bird,n01532829,ILSVRC2012_val_00016198.JPEG
bird,n02013706,ILSVRC2012_val_00018895.JPEG
bird,n01558993,ILSVRC2012_val_00019082.JPEG
bird,n01843065,ILSVRC2012_val_00019251.JPEG
bird,n01616318,ILSVRC2012_val_00019868.JPEG
bird,n02037110,ILSVRC2012_val_00020025.JPEG
bird,n01558993,ILSVRC2012_val_00020610.JPEG
bird,n02009912,ILSVRC2012_val_00020875.JPEG
bird,n02002724,ILSVRC2012_val_00021252.JPEG
bird,n01855672,ILSVRC2012_val_00021351.JPEG
bird,n02009912,ILSVRC2012_val_00022591.JPEG
bird,n02013706,ILSVRC2012_val_00022862.JPEG
bird,n01797886,ILSVRC2012_val_00022992.JPEG
bird,n02018207,ILSVRC2012_val_00023211.JPEG
bird,n01797886,ILSVRC2012_val_00023338.JPEG
bird,n01582220,ILSVRC2012_val_00024025.JPEG
bird,n01819313,ILSVRC2012_val_00024030.JPEG
bird,n01817953,ILSVRC2012_val_00024592.JPEG
bird,n01796340,ILSVRC2012_val_00024630.JPEG
bird,n02028035,ILSVRC2012_val_00024808.JPEG
bird,n02011460,ILSVRC2012_val_00025023.JPEG
bird,n02033041,ILSVRC2012_val_00025027.JPEG
bird,n01798484,ILSVRC2012_val_00025251.JPEG
bird,n02037110,ILSVRC2012_val_00025410.JPEG
bird,n02002724,ILSVRC2012_val_00025651.JPEG
bird,n01601694,ILSVRC2012_val_00026023.JPEG
bird,n01833805,ILSVRC2012_val_00026090.JPEG
bird,n02007558,ILSVRC2012_val_00026248.JPEG
bird,n02051845,ILSVRC2012_val_00026711.JPEG
bird,n01843065,ILSVRC2012_val_00026965.JPEG
bird,n02056570,ILSVRC2012_val_00028670.JPEG
bird,n01532829,ILSVRC2012_val_00028791.JPEG
bird,n01537544,ILSVRC2012_val_00029310.JPEG
bird,n02017213,ILSVRC2012_val_00029393.JPEG
bird,n02002724,ILSVRC2012_val_00029692.JPEG
bird,n01534433,ILSVRC2012_val_00029999.JPEG
bird,n01795545,ILSVRC2012_val_00030010.JPEG
bird,n01560419,ILSVRC2012_val_00030966.JPEG
bird,n02009912,ILSVRC2012_val_00031290.JPEG
bird,n02013706,ILSVRC2012_val_00031304.JPEG
bird,n01796340,ILSVRC2012_val_00031432.JPEG
bird,n02002556,ILSVRC2012_val_00031575.JPEG
bird,n02002556,ILSVRC2012_val_00032643.JPEG
bird,n01860187,ILSVRC2012_val_00032982.JPEG
bird,n01797886,ILSVRC2012_val_00033393.JPEG
bird,n01829413,ILSVRC2012_val_00033756.JPEG
bird,n01855032,ILSVRC2012_val_00035647.JPEG
bird,n01817953,ILSVRC2012_val_00036337.JPEG
bird,n02018795,ILSVRC2012_val_00037711.JPEG
bird,n01558993,ILSVRC2012_val_00038488.JPEG
bird,n01819313,ILSVRC2012_val_00038681.JPEG
bird,n01843065,ILSVRC2012_val_00039257.JPEG
bird,n01614925,ILSVRC2012_val_00039605.JPEG
bird,n01843065,ILSVRC2012_val_00039988.JPEG
bird,n01843383,ILSVRC2012_val_00040051.JPEG
bird,n02018795,ILSVRC2012_val_00040664.JPEG
bird,n02013706,ILSVRC2012_val_00040933.JPEG
bird,n01582220,ILSVRC2012_val_00041135.JPEG
bird,n01818515,ILSVRC2012_val_00042071.JPEG
bird,n01819313,ILSVRC2012_val_00044363.JPEG
bird,n02025239,ILSVRC2012_val_00044377.JPEG
bird,n02027492,ILSVRC2012_val_00045323.JPEG
bird,n01855032,ILSVRC2012_val_00046041.JPEG
bird,n02025239,ILSVRC2012_val_00046323.JPEG
bird,n01820546,ILSVRC2012_val_00046356.JPEG
bird,n01614925,ILSVRC2012_val_00046564.JPEG
bird,n01828970,ILSVRC2012_val_00046802.JPEG
bird,n01530575,ILSVRC2012_val_00047914.JPEG
bird,n02009912,ILSVRC2012_val_00049151.JPEG
bird,n01798484,ILSVRC2012_val_00049203.JPEG
boat,n03662601,ILSVRC2012_val_00000571.JPEG
boat,n04273569,ILSVRC2012_val_00000901.JPEG
boat,n03344393,ILSVRC2012_val_00001859.JPEG
boat,n03662601,ILSVRC2012_val_00002308.JPEG
boat,n04273569,ILSVRC2012_val_00002696.JPEG
boat,n02951358,ILSVRC2012_val_00002732.JPEG
boat,n04612504,ILSVRC2012_val_00003145.JPEG
boat,n04612504,ILSVRC2012_val_00004249.JPEG
boat,n04612504,ILSVRC2012_val_00004621.JPEG
boat,n04612504,ILSVRC2012_val_00005971.JPEG
boat,n03662601,ILSVRC2012_val_00006294.JPEG
boat,n04612504,ILSVRC2012_val_00006742.JPEG
boat,n03344393,ILSVRC2012_val_00006748.JPEG
boat,n02951358,ILSVRC2012_val_00007438.JPEG
boat,n03344393,ILSVRC2012_val_00007731.JPEG
boat,n03344393,ILSVRC2012_val_00007736.JPEG
boat,n04273569,ILSVRC2012_val_00008080.JPEG
boat,n02951358,ILSVRC2012_val_00008477.JPEG
boat,n02951358,ILSVRC2012_val_00008828.JPEG
boat,n03344393,ILSVRC2012_val_00009154.JPEG
boat,n04273569,ILSVRC2012_val_00010190.JPEG
boat,n04612504,ILSVRC2012_val_00011193.JPEG
boat,n03344393,ILSVRC2012_val_00011292.JPEG
boat,n02951358,ILSVRC2012_val_00011563.JPEG
boat,n03662601,ILSVRC2012_val_00011636.JPEG
boat,n03662601,ILSVRC2012_val_00012066.JPEG
boat,n03662601,ILSVRC2012_val_00012154.JPEG
boat,n02951358,ILSVRC2012_val_00012403.JPEG
boat,n04612504,ILSVRC2012_val_00012489.JPEG
boat,n02951358,ILSVRC2012_val_00012673.JPEG
boat,n02951358,ILSVRC2012_val_00013191.JPEG
boat,n03344393,ILSVRC2012_val_00013366.JPEG
boat,n03662601,ILSVRC2012_val_00014119.JPEG
boat,n04273569,ILSVRC2012_val_00014274.JPEG
boat,n03662601,ILSVRC2012_val_00014549.JPEG
boat,n02951358,ILSVRC2012_val_00015044.JPEG
boat,n04612504,ILSVRC2012_val_00015121.JPEG
boat,n03344393,ILSVRC2012_val_00015277.JPEG
boat,n03662601,ILSVRC2012_val_00016268.JPEG
boat,n03662601,ILSVRC2012_val_00016448.JPEG
boat,n03344393,ILSVRC2012_val_00016565.JPEG
boat,n03344393,ILSVRC2012_val_00017176.JPEG
boat,n03344393,ILSVRC2012_val_00017413.JPEG
boat,n03344393,ILSVRC2012_val_00018727.JPEG
boat,n04612504,ILSVRC2012_val_00018802.JPEG
boat,n03662601,ILSVRC2012_val_00019275.JPEG
boat,n04273569,ILSVRC2012_val_00020353.JPEG
boat,n03344393,ILSVRC2012_val_00020486.JPEG
boat,n04273569,ILSVRC2012_val_00020894.JPEG
boat,n03662601,ILSVRC2012_val_00021429.JPEG
boat,n03344393,ILSVRC2012_val_00021948.JPEG
boat,n04612504,ILSVRC2012_val_00022075.JPEG
boat,n04273569,ILSVRC2012_val_00022635.JPEG
boat,n04273569,ILSVRC2012_val_00022760.JPEG
boat,n03344393,ILSVRC2012_val_00022927.JPEG
boat,n04612504,ILSVRC2012_val_00023020.JPEG
boat,n04273569,ILSVRC2012_val_00023545.JPEG
boat,n02951358,ILSVRC2012_val_00023856.JPEG
boat,n04612504,ILSVRC2012_val_00025712.JPEG
boat,n02951358,ILSVRC2012_val_00026054.JPEG
boat,n03344393,ILSVRC2012_val_00026507.JPEG
boat,n04273569,ILSVRC2012_val_00026741.JPEG
boat,n02951358,ILSVRC2012_val_00027088.JPEG
boat,n04612504,ILSVRC2012_val_00028027.JPEG
boat,n04273569,ILSVRC2012_val_00031072.JPEG
boat,n04273569,ILSVRC2012_val_00031397.JPEG
boat,n04612504,ILSVRC2012_val_00031842.JPEG
boat,n04612504,ILSVRC2012_val_00032371.JPEG
boat,n02951358,ILSVRC2012_val_00032433.JPEG
boat,n04612504,ILSVRC2012_val_00032584.JPEG
boat,n04273569,ILSVRC2012_val_00032833.JPEG
boat,n04273569,ILSVRC2012_val_00032860.JPEG
boat,n02951358,ILSVRC2012_val_00033883.JPEG
boat,n03344393,ILSVRC2012_val_00034455.JPEG
boat,n03662601,ILSVRC2012_val_00035374.JPEG
boat,n03662601,ILSVRC2012_val_00035440.JPEG
boat,n04612504,ILSVRC2012_val_00035734.JPEG
boat,n04612504,ILSVRC2012_val_00038164.JPEG
boat,n04273569,ILSVRC2012_val_00039041.JPEG
boat,n04612504,ILSVRC2012_val_00039131.JPEG
boat,n03662601,ILSVRC2012_val_00039286.JPEG
boat,n03344393,ILSVRC2012_val_00039559.JPEG
boat,n04273569,ILSVRC2012_val_00039954.JPEG
boat,n03344393,ILSVRC2012_val_00041736.JPEG
boat,n03344393,ILSVRC2012_val_00042163.JPEG
boat,n03344393,ILSVRC2012_val_00042164.JPEG
boat,n04273569,ILSVRC2012_val_00042203.JPEG
boat,n03662601,ILSVRC2012_val_00042757.JPEG
boat,n03344393,ILSVRC2012_val_00043328.JPEG
boat,n04273569,ILSVRC2012_val_00043492.JPEG
boat,n03344393,ILSVRC2012_val_00043502.JPEG
boat,n03344393,ILSVRC2012_val_00044569.JPEG
boat,n03344393,ILSVRC2012_val_00045522.JPEG
boat,n04612504,ILSVRC2012_val_00045783.JPEG
boat,n03662601,ILSVRC2012_val_00046269.JPEG
boat,n02951358,ILSVRC2012_val_00046387.JPEG
boat,n03662601,ILSVRC2012_val_00047650.JPEG
boat,n03344393,ILSVRC2012_val_00047961.JPEG
boat,n03344393,ILSVRC2012_val_00048349.JPEG
boat,n02951358,ILSVRC2012_val_00048773.JPEG
bottle,n02823428,ILSVRC2012_val_00000654.JPEG
bottle,n04557648,ILSVRC2012_val_00000745.JPEG
bottle,n04591713,ILSVRC2012_val_00000805.JPEG
bottle,n04560804,ILSVRC2012_val_00000858.JPEG
bottle,n04591713,ILSVRC2012_val_00001589.JPEG
bottle,n04579145,ILSVRC2012_val_00002867.JPEG
bottle,n04591713,ILSVRC2012_val_00003201.JPEG
bottle,n04557648,ILSVRC2012_val_00003340.JPEG
bottle,n03983396,ILSVRC2012_val_00003393.JPEG
bottle,n04579145,ILSVRC2012_val_00003972.JPEG
bottle,n04560804,ILSVRC2012_val_00005333.JPEG
bottle,n04591713,ILSVRC2012_val_00005388.JPEG
bottle,n03983396,ILSVRC2012_val_00005664.JPEG
bottle,n03937543,ILSVRC2012_val_00005967.JPEG
bottle,n03983396,ILSVRC2012_val_00006274.JPEG
bottle,n04591713,ILSVRC2012_val_00006632.JPEG
bottle,n04591713,ILSVRC2012_val_00006808.JPEG
bottle,n04591713,ILSVRC2012_val_00006865.JPEG
bottle,n04557648,ILSVRC2012_val_00006949.JPEG
bottle,n02823428,ILSVRC2012_val_00008232.JPEG
bottle,n03983396,ILSVRC2012_val_00008501.JPEG
bottle,n03983396,ILSVRC2012_val_00008584.JPEG
bottle,n02823428,ILSVRC2012_val_00009260.JPEG
bottle,n04591713,ILSVRC2012_val_00010827.JPEG
bottle,n04560804,ILSVRC2012_val_00011758.JPEG
bottle,n02823428,ILSVRC2012_val_00012256.JPEG
bottle,n02823428,ILSVRC2012_val_00012544.JPEG
bottle,n03983396,ILSVRC2012_val_00012891.JPEG
bottle,n02823428,ILSVRC2012_val_00013807.JPEG
bottle,n04560804,ILSVRC2012_val_00013956.JPEG
bottle,n03983396,ILSVRC2012_val_00014426.JPEG
bottle,n04557648,ILSVRC2012_val_00015556.JPEG
bottle,n02823428,ILSVRC2012_val_00016065.JPEG
bottle,n04591713,ILSVRC2012_val_00016679.JPEG
bottle,n04557648,ILSVRC2012_val_00017570.JPEG
bottle,n03983396,ILSVRC2012_val_00017913.JPEG
bottle,n03983396,ILSVRC2012_val_00018646.JPEG
bottle,n04560804,ILSVRC2012_val_00018657.JPEG
bottle,n03983396,ILSVRC2012_val_00018919.JPEG
bottle,n04591713,ILSVRC2012_val_00019274.JPEG
bottle,n04579145,ILSVRC2012_val_00019348.JPEG
bottle,n04560804,ILSVRC2012_val_00019924.JPEG
bottle,n04560804,ILSVRC2012_val_00020102.JPEG
bottle,n04560804,ILSVRC2012_val_00020857.JPEG
bottle,n03937543,ILSVRC2012_val_00021446.JPEG
bottle,n04557648,ILSVRC2012_val_00021707.JPEG
bottle,n04579145,ILSVRC2012_val_00021950.JPEG
bottle,n02823428,ILSVRC2012_val_00022396.JPEG
bottle,n03937543,ILSVRC2012_val_00023209.JPEG
bottle,n04579145,ILSVRC2012_val_00024086.JPEG
bottle,n04557648,ILSVRC2012_val_00025139.JPEG
bottle,n03937543,ILSVRC2012_val_00025358.JPEG
bottle,n02823428,ILSVRC2012_val_00025387.JPEG
bottle,n04591713,ILSVRC2012_val_00026293.JPEG
bottle,n04579145,ILSVRC2012_val_00026443.JPEG
bottle,n04560804,ILSVRC2012_val_00027970.JPEG
bottle,n04591713,ILSVRC2012_val_00028267.JPEG
bottle,n04560804,ILSVRC2012_val_00029711.JPEG
bottle,n03937543,ILSVRC2012_val_00030379.JPEG
bottle,n04579145,ILSVRC2012_val_00030522.JPEG
bottle,n03983396,ILSVRC2012_val_00030749.JPEG
bottle,n03937543,ILSVRC2012_val_00030909.JPEG
bottle,n04579145,ILSVRC2012_val_00031287.JPEG
bottle,n04560804,ILSVRC2012_val_00031504.JPEG
bottle,n04579145,ILSVRC2012_val_00031554.JPEG
bottle,n03937543,ILSVRC2012_val_00031614.JPEG
bottle,n04591713,ILSVRC2012_val_00031837.JPEG
bottle,n03983396,ILSVRC2012_val_00032559.JPEG
bottle,n04560804,ILSVRC2012_val_00032981.JPEG
bottle,n04557648,ILSVRC2012_val_00033447.JPEG
bottle,n02823428,ILSVRC2012_val_00033822.JPEG
bottle,n04591713,ILSVRC2012_val_00033940.JPEG
bottle,n04579145,ILSVRC2012_val_00034449.JPEG
bottle,n04560804,ILSVRC2012_val_00035061.JPEG
bottle,n02823428,ILSVRC2012_val_00035259.JPEG
bottle,n02823428,ILSVRC2012_val_00035507.JPEG
bottle,n04557648,ILSVRC2012_val_00036165.JPEG
bottle,n03937543,ILSVRC2012_val_00036242.JPEG
bottle,n03937543,ILSVRC2012_val_00036795.JPEG
bottle,n04560804,ILSVRC2012_val_00037427.JPEG
bottle,n02823428,ILSVRC2012_val_00037635.JPEG
bottle,n03937543,ILSVRC2012_val_00037866.JPEG
bottle,n04579145,ILSVRC2012_val_00038095.JPEG
bottle,n02823428,ILSVRC2012_val_00039338.JPEG
bottle,n04557648,ILSVRC2012_val_00040265.JPEG
bottle,n03937543,ILSVRC2012_val_00040537.JPEG
bottle,n02823428,ILSVRC2012_val_00040545.JPEG
bottle,n04557648,ILSVRC2012_val_00040553.JPEG
bottle,n04579145,ILSVRC2012_val_00042297.JPEG
bottle,n04591713,ILSVRC2012_val_00043385.JPEG
bottle,n03937543,ILSVRC2012_val_00043519.JPEG
bottle,n02823428,ILSVRC2012_val_00044428.JPEG
bottle,n04591713,ILSVRC2012_val_00044614.JPEG
bottle,n02823428,ILSVRC2012_val_00046968.JPEG
bottle,n04579145,ILSVRC2012_val_00047046.JPEG
bottle,n04579145,ILSVRC2012_val_00047079.JPEG
bottle,n04560804,ILSVRC2012_val_00048064.JPEG
bottle,n04557648,ILSVRC2012_val_00049261.JPEG
bottle,n04557648,ILSVRC2012_val_00049929.JPEG
bottle,n04560804,ILSVRC2012_val_00049951.JPEG
car,n02814533,ILSVRC2012_val_00000175.JPEG
car,n04285008,ILSVRC2012_val_00001247.JPEG
car,n04285008,ILSVRC2012_val_00003049.JPEG
car,n04285008,ILSVRC2012_val_00003478.JPEG
car,n03100240,ILSVRC2012_val_00004387.JPEG
car,n03100240,ILSVRC2012_val_00004685.JPEG
car,n04285008,ILSVRC2012_val_00004868.JPEG
car,n04285008,ILSVRC2012_val_00004970.JPEG
car,n04285008,ILSVRC2012_val_00004979.JPEG
car,n04285008,ILSVRC2012_val_00005456.JPEG
car,n02814533,ILSVRC2012_val_00005774.JPEG
car,n02814533,ILSVRC2012_val_00005978.JPEG
car,n02814533,ILSVRC2012_val_00006084.JPEG
car,n02814533,ILSVRC2012_val_00006220.JPEG
car,n04285008,ILSVRC2012_val_00006285.JPEG
car,n04285008,ILSVRC2012_val_00007125.JPEG
car,n03100240,ILSVRC2012_val_00007348.JPEG
car,n04285008,ILSVRC2012_val_00008392.JPEG
car,n03100240,ILSVRC2012_val_00009569.JPEG
car,n04285008,ILSVRC2012_val_00009607.JPEG
car,n02814533,ILSVRC2012_val_00010252.JPEG
car,n04285008,ILSVRC2012_val_00010455.JPEG
car,n03100240,ILSVRC2012_val_00010676.JPEG
car,n04285008,ILSVRC2012_val_00010983.JPEG
car,n04285008,ILSVRC2012_val_00012327.JPEG
car,n02814533,ILSVRC2012_val_00012809.JPEG
car,n04285008,ILSVRC2012_val_00013258.JPEG
car,n04285008,ILSVRC2012_val_00013805.JPEG
car,n03100240,ILSVRC2012_val_00014010.JPEG
car,n03100240,ILSVRC2012_val_00014208.JPEG
car,n02814533,ILSVRC2012_val_00014447.JPEG
car,n02814533,ILSVRC2012_val_00014732.JPEG
car,n03100240,ILSVRC2012_val_00015357.JPEG
car,n02814533,ILSVRC2012_val_00015651.JPEG
car,n02814533,ILSVRC2012_val_00016314.JPEG
car,n03100240,ILSVRC2012_val_00016613.JPEG
car,n04285008,ILSVRC2012_val_00016638.JPEG
car,n04285008,ILSVRC2012_val_00018117.JPEG
car,n02814533,ILSVRC2012_val_00018138.JPEG
car,n03100240,ILSVRC2012_val_00018249.JPEG
car,n02814533,ILSVRC2012_val_00018335.JPEG
car,n03100240,ILSVRC2012_val_00018569.JPEG
car,n03100240,ILSVRC2012_val_00019496.JPEG
car,n02814533,ILSVRC2012_val_00020038.JPEG
car,n03100240,ILSVRC2012_val_00020524.JPEG
car,n04285008,ILSVRC2012_val_00022270.JPEG
car,n03100240,ILSVRC2012_val_00022491.JPEG
car,n03100240,ILSVRC2012_val_00022587.JPEG
car,n04285008,ILSVRC2012_val_00022739.JPEG
car,n03100240,ILSVRC2012_val_00022835.JPEG
car,n02814533,ILSVRC2012_val_00023221.JPEG
car,n02814533,ILSVRC2012_val_00023474.JPEG
car,n03100240,ILSVRC2012_val_00023718.JPEG
car,n03100240,ILSVRC2012_val_00024103.JPEG
car,n02814533,ILSVRC2012_val_00024318.JPEG
car,n04285008,ILSVRC2012_val_00025004.JPEG
car,n04285008,ILSVRC2012_val_00025260.JPEG
car,n04285008,ILSVRC2012_val_00025465.JPEG
car,n04285008,ILSVRC2012_val_00025587.JPEG
car,n03100240,ILSVRC2012_val_00025647.JPEG
car,n03100240,ILSVRC2012_val_00026398.JPEG
car,n03100240,ILSVRC2012_val_00027293.JPEG
car,n04285008,ILSVRC2012_val_00027397.JPEG
car,n03100240,ILSVRC2012_val_00027795.JPEG
car,n02814533,ILSVRC2012_val_00029094.JPEG
car,n03100240,ILSVRC2012_val_00029454.JPEG
car,n03100240,ILSVRC2012_val_00031558.JPEG
car,n02814533,ILSVRC2012_val_00031765.JPEG
car,n02814533,ILSVRC2012_val_00031953.JPEG
car,n03100240,ILSVRC2012_val_00032595.JPEG
car,n04285008,ILSVRC2012_val_00032944.JPEG
car,n04285008,ILSVRC2012_val_00033293.JPEG
car,n03100240,ILSVRC2012_val_00033796.JPEG
car,n04285008,ILSVRC2012_val_00035309.JPEG
car,n04285008,ILSVRC2012_val_00035603.JPEG
car,n03100240,ILSVRC2012_val_00036091.JPEG
car,n04285008,ILSVRC2012_val_00036695.JPEG
car,n02814533,ILSVRC2012_val_00037160.JPEG
car,n04285008,ILSVRC2012_val_00037952.JPEG
car,n04285008,ILSVRC2012_val_00038060.JPEG
car,n04285008,ILSVRC2012_val_00038344.JPEG
car,n03100240,ILSVRC2012_val_00038876.JPEG
car,n04285008,ILSVRC2012_val_00038894.JPEG
car,n04285008,ILSVRC2012_val_00040009.JPEG
car,n04285008,ILSVRC2012_val_00041064.JPEG
car,n02814533,ILSVRC2012_val_00041353.JPEG
car,n03100240,ILSVRC2012_val_00041430.JPEG
car,n04285008,ILSVRC2012_val_00041626.JPEG
car,n02814533,ILSVRC2012_val_00041913.JPEG
car,n02814533,ILSVRC2012_val_00041979.JPEG
car,n02814533,ILSVRC2012_val_00042416.JPEG
car,n02814533,ILSVRC2012_val_00044894.JPEG
car,n04285008,ILSVRC2012_val_00045210.JPEG
car,n03100240,ILSVRC2012_val_00046196.JPEG
car,n03100240,ILSVRC2012_val_00047687.JPEG
car,n04285008,ILSVRC2012_val_00047893.JPEG
car,n02814533,ILSVRC2012_val_00048556.JPEG
car,n04285008,ILSVRC2012_val_00049427.JPEG
car,n04285008,ILSVRC2012_val_00049675.JPEG
car,n03100240,ILSVRC2012_val_00049747.JPEG
cat,n02125311,ILSVRC2012_val_00000487.JPEG
cat,n02124075,ILSVRC2012_val_00000709.JPEG
cat,n02123394,ILSVRC2012_val_00001040.JPEG
cat,n02123045,ILSVRC2012_val_00001341.JPEG
cat,n02125311,ILSVRC2012_val_00001888.JPEG
cat,n02123394,ILSVRC2012_val_00002036.JPEG
cat,n02123159,ILSVRC2012_val_00002472.JPEG
cat,n02123159,ILSVRC2012_val_00003295.JPEG
cat,n02123394,ILSVRC2012_val_00003382.JPEG
cat,n02123045,ILSVRC2012_val_00004422.JPEG
cat,n02124075,ILSVRC2012_val_00004612.JPEG
cat,n02123394,ILSVRC2012_val_00004894.JPEG
cat,n02125311,ILSVRC2012_val_00005004.JPEG
cat,n02123045,ILSVRC2012_val_00005358.JPEG
cat,n02123394,ILSVRC2012_val_00005627.JPEG
cat,n02124075,ILSVRC2012_val_00007023.JPEG
cat,n02123394,ILSVRC2012_val_00008491.JPEG
cat,n02124075,ILSVRC2012_val_00008778.JPEG
cat,n02125311,ILSVRC2012_val_00009330.JPEG
cat,n02123045,ILSVRC2012_val_00009921.JPEG
cat,n02123394,ILSVRC2012_val_00010218.JPEG
cat,n02123597,ILSVRC2012_val_00010389.JPEG
cat,n02124075,ILSVRC2012_val_00010417.JPEG
cat,n02123597,ILSVRC2012_val_00010436.JPEG
cat,n02125311,ILSVRC2012_val_00010823.JPEG
cat,n02123045,ILSVRC2012_val_00011015.JPEG
cat,n02123045,ILSVRC2012_val_00011142.JPEG
cat,n02123597,ILSVRC2012_val_00011738.JPEG
cat,n02123159,ILSVRC2012_val_00011854.JPEG
cat,n02123394,ILSVRC2012_val_00012798.JPEG
cat,n02123045,ILSVRC2012_val_00012975.JPEG
cat,n02123045,ILSVRC2012_val_00013684.JPEG
cat,n02123394,ILSVRC2012_val_00013785.JPEG
cat,n02124075,ILSVRC2012_val_00014432.JPEG
cat,n02123597,ILSVRC2012_val_00015401.JPEG
cat,n02125311,ILSVRC2012_val_00015558.JPEG
cat,n02123159,ILSVRC2012_val_00015741.JPEG
cat,n02125311,ILSVRC2012_val_00016394.JPEG
cat,n02123394,ILSVRC2012_val_00016598.JPEG
cat,n02123394,ILSVRC2012_val_00017814.JPEG
cat,n02125311,ILSVRC2012_val_00017918.JPEG
cat,n02124075,ILSVRC2012_val_00019119.JPEG
cat,n02125311,ILSVRC2012_val_00019401.JPEG
cat,n02125311,ILSVRC2012_val_00020973.JPEG
cat,n02123159,ILSVRC2012_val_00021195.JPEG
cat,n02124075,ILSVRC2012_val_00021675.JPEG
cat,n02123394,ILSVRC2012_val_00021703.JPEG
cat,n02123045,ILSVRC2012_val_00022853.JPEG
cat,n02123159,ILSVRC2012_val_00023228.JPEG
cat,n02125311,ILSVRC2012_val_00023864.JPEG
cat,n02124075,ILSVRC2012_val_00023906.JPEG
cat,n02125311,ILSVRC2012_val_00023923.JPEG
cat,n02124075,ILSVRC2012_val_00024000.JPEG
cat,n02123394,ILSVRC2012_val_00024427.JPEG
cat,n02123394,ILSVRC2012_val_00024500.JPEG
cat,n02123597,ILSVRC2012_val_00024760.JPEG
cat,n02124075,ILSVRC2012_val_00025168.JPEG
cat,n02123159,ILSVRC2012_val_00025396.JPEG
cat,n02125311,ILSVRC2012_val_00025629.JPEG
cat,n02123045,ILSVRC2012_val_00025650.JPEG
cat,n02124075,ILSVRC2012_val_00026403.JPEG
cat,n02123045,ILSVRC2012_val_00027013.JPEG
cat,n02124075,ILSVRC2012_val_00027448.JPEG
cat,n02123597,ILSVRC2012_val_00028213.JPEG
cat,n02124075,ILSVRC2012_val_00028628.JPEG
cat,n02124075,ILSVRC2012_val_00032637.JPEG
cat,n02123045,ILSVRC2012_val_00033420.JPEG
cat,n02124075,ILSVRC2012_val_00033582.JPEG
cat,n02123045,ILSVRC2012_val_00035163.JPEG
cat,n02123597,ILSVRC2012_val_00035566.JPEG
cat,n02123159,ILSVRC2012_val_00036268.JPEG
cat,n02123597,ILSVRC2012_val_00036290.JPEG
cat,n02125311,ILSVRC2012_val_00036603.JPEG
cat,n02123597,ILSVRC2012_val_00038168.JPEG
cat,n02123045,ILSVRC2012_val_00038661.JPEG
cat,n02123045,ILSVRC2012_val_00038672.JPEG
cat,n02125311,ILSVRC2012_val_00038675.JPEG
cat,n02123045,ILSVRC2012_val_00039084.JPEG
cat,n02123394,ILSVRC2012_val_00039390.JPEG
cat,n02123159,ILSVRC2012_val_00039553.JPEG
cat,n02123045,ILSVRC2012_val_00039877.JPEG
cat,n02123597,ILSVRC2012_val_00039931.JPEG
cat,n02123597,ILSVRC2012_val_00039979.JPEG
cat,n02123159,ILSVRC2012_val_00040611.JPEG
cat,n02123045,ILSVRC2012_val_00040745.JPEG
cat,n02123045,ILSVRC2012_val_00041570.JPEG
cat,n02124075,ILSVRC2012_val_00041579.JPEG
cat,n02123159,ILSVRC2012_val_00041877.JPEG
cat,n02124075,ILSVRC2012_val_00042232.JPEG
cat,n02123159,ILSVRC2012_val_00042803.JPEG
cat,n02123045,ILSVRC2012_val_00043014.JPEG
cat,n02123597,ILSVRC2012_val_00043145.JPEG
cat,n02123597,ILSVRC2012_val_00043546.JPEG
cat,n02123045,ILSVRC2012_val_00044027.JPEG
cat,n02123597,ILSVRC2012_val_00045347.JPEG
cat,n02123159,ILSVRC2012_val_00045420.JPEG
cat,n02123597,ILSVRC2012_val_00046572.JPEG
cat,n02123597,ILSVRC2012_val_00048160.JPEG
cat,n02123159,ILSVRC2012_val_00049279.JPEG
cat,n02124075,ILSVRC2012_val_00049735.JPEG
chair,n02791124,ILSVRC2012_val_00000759.JPEG
chair,n02791124,ILSVRC2012_val_00000804.JPEG
chair,n02791124,ILSVRC2012_val_00001289.JPEG
chair,n02791124,ILSVRC2012_val_00001604.JPEG
chair,n03376595,ILSVRC2012_val_00001616.JPEG
chair,n03376595,ILSVRC2012_val_00001685.JPEG
chair,n03376595,ILSVRC2012_val_00002253.JPEG
chair,n02791124,ILSVRC2012_val_00002466.JPEG
chair,n03376595,ILSVRC2012_val_00002914.JPEG
chair,n04429376,ILSVRC2012_val_00004328.JPEG
chair,n02791124,ILSVRC2012_val_00004679.JPEG
chair,n02791124,ILSVRC2012_val_00005762.JPEG
chair,n03376595,ILSVRC2012_val_00005926.JPEG
chair,n03376595,ILSVRC2012_val_00006022.JPEG
chair,n04429376,ILSVRC2012_val_00007046.JPEG
chair,n03376595,ILSVRC2012_val_00007063.JPEG
chair,n04099969,ILSVRC2012_val_00007686.JPEG
chair,n04429376,ILSVRC2012_val_00007693.JPEG
chair,n02791124,ILSVRC2012_val_00008115.JPEG
chair,n03376595,ILSVRC2012_val_00008646.JPEG
chair,n04099969,ILSVRC2012_val_00008768.JPEG
chair,n03376595,ILSVRC2012_val_00008903.JPEG
chair,n04099969,ILSVRC2012_val_00009521.JPEG
chair,n03376595,ILSVRC2012_val_00010721.JPEG
chair,n04429376,ILSVRC2012_val_00012040.JPEG
chair,n03376595,ILSVRC2012_val_00013747.JPEG
chair,n02791124,ILSVRC2012_val_00013838.JPEG
chair,n04429376,ILSVRC2012_val_00013871.JPEG
chair,n03376595,ILSVRC2012_val_00014679.JPEG
chair,n03376595,ILSVRC2012_val_00015184.JPEG
chair,n02791124,ILSVRC2012_val_00016403.JPEG
chair,n04429376,ILSVRC2012_val_00016534.JPEG
chair,n04099969,ILSVRC2012_val_00017214.JPEG
chair,n04099969,ILSVRC2012_val_00017447.JPEG
chair,n04099969,ILSVRC2012_val_00017631.JPEG
chair,n04099969,ILSVRC2012_val_00018206.JPEG
chair,n04429376,ILSVRC2012_val_00019420.JPEG
chair,n04429376,ILSVRC2012_val_00019790.JPEG
chair,n04099969,ILSVRC2012_val_00019867.JPEG
chair,n04429376,ILSVRC2012_val_00019913.JPEG
chair,n04099969,ILSVRC2012_val_00020924.JPEG
chair,n02791124,ILSVRC2012_val_00021099.JPEG
chair,n02791124,ILSVRC2012_val_00021359.JPEG
chair,n04429376,ILSVRC2012_val_00022051.JPEG
chair,n03376595,ILSVRC2012_val_00022126.JPEG
chair,n04099969,ILSVRC2012_val_00022208.JPEG
chair,n04099969,ILSVRC2012_val_00022589.JPEG
chair,n04429376,ILSVRC2012_val_00022850.JPEG
chair,n04099969,ILSVRC2012_val_00024320.JPEG
chair,n02791124,ILSVRC2012_val_00024368.JPEG
chair,n03376595,ILSVRC2012_val_00024982.JPEG
chair,n04429376,ILSVRC2012_val_00025374.JPEG
chair,n04099969,ILSVRC2012_val_00025634.JPEG
chair,n04099969,ILSVRC2012_val_00026013.JPEG
chair,n04429376,ILSVRC2012_val_00027119.JPEG
chair,n04429376,ILSVRC2012_val_00028100.JPEG
chair,n03376595,ILSVRC2012_val_00028185.JPEG
chair,n04429376,ILSVRC2012_val_00028295.JPEG
chair,n02791124,ILSVRC2012_val_00031101.JPEG
chair,n04429376,ILSVRC2012_val_00031730.JPEG
chair,n02791124,ILSVRC2012_val_00033973.JPEG
chair,n03376595,ILSVRC2012_val_00034227.JPEG
chair,n04429376,ILSVRC2012_val_00034381.JPEG
chair,n04429376,ILSVRC2012_val_00035142.JPEG
chair,n03376595,ILSVRC2012_val_00035959.JPEG
chair,n03376595,ILSVRC2012_val_00036175.JPEG
chair,n04429376,ILSVRC2012_val_00037306.JPEG
chair,n04099969,ILSVRC2012_val_00037756.JPEG
chair,n02791124,ILSVRC2012_val_00037803.JPEG
chair,n04429376,ILSVRC2012_val_00038073.JPEG
chair,n03376595,ILSVRC2012_val_00038258.JPEG
chair,n04099969,ILSVRC2012_val_00039040.JPEG
chair,n04099969,ILSVRC2012_val_00039260.JPEG
chair,n02791124,ILSVRC2012_val_00039348.JPEG
chair,n04429376,ILSVRC2012_val_00039872.JPEG
chair,n04099969,ILSVRC2012_val_00040076.JPEG
chair,n03376595,ILSVRC2012_val_00040576.JPEG
chair,n03376595,ILSVRC2012_val_00040795.JPEG
chair,n04099969,ILSVRC2012_val_00041134.JPEG
chair,n04099969,ILSVRC2012_val_00041732.JPEG
chair,n02791124,ILSVRC2012_val_00041772.JPEG
chair,n03376595,ILSVRC2012_val_00041814.JPEG
chair,n04429376,ILSVRC2012_val_00041883.JPEG
chair,n04099969,ILSVRC2012_val_00041916.JPEG
chair,n03376595,ILSVRC2012_val_00042389.JPEG
chair,n02791124,ILSVRC2012_val_00042512.JPEG
chair,n04429376,ILSVRC2012_val_00042822.JPEG
chair,n02791124,ILSVRC2012_val_00042979.JPEG
chair,n04429376,ILSVRC2012_val_00043870.JPEG
chair,n02791124,ILSVRC2012_val_00044194.JPEG
chair,n04429376,ILSVRC2012_val_00044295.JPEG
chair,n04429376,ILSVRC2012_val_00044863.JPEG
chair,n04099969,ILSVRC2012_val_00045048.JPEG
chair,n04429376,ILSVRC2012_val_00045464.JPEG
chair,n04429376,ILSVRC2012_val_00045844.JPEG
chair,n03376595,ILSVRC2012_val_00048103.JPEG
chair,n03376595,ILSVRC2012_val_00048216.JPEG
chair,n04099969,ILSVRC2012_val_00048336.JPEG
chair,n04429376,ILSVRC2012_val_00048901.JPEG
chair,n02791124,ILSVRC2012_val_00049050.JPEG
clock,n02708093,ILSVRC2012_val_00002178.JPEG
clock,n02708093,ILSVRC2012_val_00003134.JPEG
clock,n04548280,ILSVRC2012_val_00004307.JPEG
clock,n02708093,ILSVRC2012_val_00004360.JPEG
clock,n04548280,ILSVRC2012_val_00004662.JPEG
clock,n02708093,ILSVRC2012_val_00004871.JPEG
clock,n02708093,ILSVRC2012_val_00005558.JPEG
clock,n03196217,ILSVRC2012_val_00006553.JPEG
clock,n02708093,ILSVRC2012_val_00006740.JPEG
clock,n02708093,ILSVRC2012_val_00006858.JPEG
clock,n04548280,ILSVRC2012_val_00007256.JPEG
clock,n04548280,ILSVRC2012_val_00008278.JPEG
clock,n03196217,ILSVRC2012_val_00008751.JPEG
clock,n02708093,ILSVRC2012_val_00008814.JPEG
clock,n04548280,ILSVRC2012_val_00009413.JPEG
clock,n03196217,ILSVRC2012_val_00010019.JPEG
clock,n04548280,ILSVRC2012_val_00010270.JPEG
clock,n03196217,ILSVRC2012_val_00010672.JPEG
clock,n03196217,ILSVRC2012_val_00012194.JPEG
clock,n02708093,ILSVRC2012_val_00013244.JPEG
clock,n02708093,ILSVRC2012_val_00013502.JPEG
clock,n04548280,ILSVRC2012_val_00014035.JPEG
clock,n04548280,ILSVRC2012_val_00014169.JPEG
clock,n02708093,ILSVRC2012_val_00014353.JPEG
clock,n04548280,ILSVRC2012_val_00014635.JPEG
clock,n03196217,ILSVRC2012_val_00014987.JPEG
clock,n02708093,ILSVRC2012_val_00015108.JPEG
clock,n04548280,ILSVRC2012_val_00015199.JPEG
clock,n03196217,ILSVRC2012_val_00015628.JPEG
clock,n02708093,ILSVRC2012_val_00015820.JPEG
clock,n04548280,ILSVRC2012_val_00016885.JPEG
clock,n04548280,ILSVRC2012_val_00017368.JPEG
clock,n02708093,ILSVRC2012_val_00017378.JPEG
clock,n02708093,ILSVRC2012_val_00017693.JPEG
clock,n02708093,ILSVRC2012_val_00017973.JPEG
clock,n04548280,ILSVRC2012_val_00018143.JPEG
clock,n04548280,ILSVRC2012_val_00018443.JPEG
clock,n04548280,ILSVRC2012_val_00018797.JPEG
clock,n04548280,ILSVRC2012_val_00018936.JPEG
clock,n04548280,ILSVRC2012_val_00018976.JPEG
clock,n02708093,ILSVRC2012_val_00019532.JPEG
clock,n02708093,ILSVRC2012_val_00019663.JPEG
clock,n02708093,ILSVRC2012_val_00019803.JPEG
clock,n03196217,ILSVRC2012_val_00020490.JPEG
clock,n02708093,ILSVRC2012_val_00020621.JPEG
clock,n04548280,ILSVRC2012_val_00021551.JPEG
clock,n03196217,ILSVRC2012_val_00021836.JPEG
clock,n02708093,ILSVRC2012_val_00022719.JPEG
clock,n03196217,ILSVRC2012_val_00023369.JPEG
clock,n03196217,ILSVRC2012_val_00023576.JPEG
clock,n02708093,ILSVRC2012_val_00024278.JPEG
clock,n02708093,ILSVRC2012_val_00024290.JPEG
clock,n02708093,ILSVRC2012_val_00024425.JPEG
clock,n02708093,ILSVRC2012_val_00024690.JPEG
clock,n03196217,ILSVRC2012_val_00024739.JPEG
clock,n04548280,ILSVRC2012_val_00024764.JPEG
clock,n03196217,ILSVRC2012_val_00025849.JPEG
clock,n02708093,ILSVRC2012_val_00026380.JPEG
clock,n03196217,ILSVRC2012_val_00026752.JPEG
clock,n03196217,ILSVRC2012_val_00028203.JPEG
clock,n03196217,ILSVRC2012_val_00028481.JPEG
clock,n03196217,ILSVRC2012_val_00029958.JPEG
clock,n04548280,ILSVRC2012_val_00030330.JPEG
clock,n02708093,ILSVRC2012_val_00031694.JPEG
clock,n03196217,ILSVRC2012_val_00031955.JPEG
clock,n04548280,ILSVRC2012_val_00032136.JPEG
clock,n02708093,ILSVRC2012_val_00032489.JPEG
clock,n03196217,ILSVRC2012_val_00032946.JPEG
clock,n02708093,ILSVRC2012_val_00033429.JPEG
clock,n03196217,ILSVRC2012_val_00033502.JPEG
clock,n03196217,ILSVRC2012_val_00033627.JPEG
clock,n04548280,ILSVRC2012_val_00033732.JPEG
clock,n04548280,ILSVRC2012_val_00034303.JPEG
clock,n03196217,ILSVRC2012_val_00034355.JPEG
clock,n03196217,ILSVRC2012_val_00034426.JPEG
clock,n04548280,ILSVRC2012_val_00034965.JPEG
clock,n04548280,ILSVRC2012_val_00035077.JPEG
clock,n02708093,ILSVRC2012_val_00035392.JPEG
clock,n04548280,ILSVRC2012_val_00035461.JPEG
clock,n04548280,ILSVRC2012_val_00035525.JPEG
clock,n04548280,ILSVRC2012_val_00037662.JPEG
clock,n02708093,ILSVRC2012_val_00038960.JPEG
clock,n02708093,ILSVRC2012_val_00039274.JPEG
clock,n03196217,ILSVRC2012_val_00041307.JPEG
clock,n04548280,ILSVRC2012_val_00041461.JPEG
clock,n02708093,ILSVRC2012_val_00041613.JPEG
clock,n03196217,ILSVRC2012_val_00041652.JPEG
clock,n02708093,ILSVRC2012_val_00042316.JPEG
clock,n03196217,ILSVRC2012_val_00042585.JPEG
clock,n02708093,ILSVRC2012_val_00044469.JPEG
clock,n04548280,ILSVRC2012_val_00044685.JPEG
clock,n02708093,ILSVRC2012_val_00044752.JPEG
clock,n04548280,ILSVRC2012_val_00046034.JPEG
clock,n03196217,ILSVRC2012_val_00047294.JPEG
clock,n03196217,ILSVRC2012_val_00047751.JPEG
clock,n04548280,ILSVRC2012_val_00048471.JPEG
clock,n02708093,ILSVRC2012_val_00049049.JPEG
clock,n03196217,ILSVRC2012_val_00049458.JPEG
clock,n04548280,ILSVRC2012_val_00049546.JPEG
clock,n04548280,ILSVRC2012_val_00049764.JPEG
dog,n02111277,ILSVRC2012_val_00000045.JPEG
dog,n02085782,ILSVRC2012_val_00000462.JPEG
dog,n02101006,ILSVRC2012_val_00000708.JPEG
dog,n02100236,ILSVRC2012_val_00001070.JPEG
dog,n02108915,ILSVRC2012_val_00001313.JPEG
dog,n02093256,ILSVRC2012_val_00001419.JPEG
dog,n02111500,ILSVRC2012_val_00001624.JPEG
dog,n02086646,ILSVRC2012_val_00001848.JPEG
dog,n02107142,ILSVRC2012_val_00001858.JPEG
dog,n02102177,ILSVRC2012_val_00002550.JPEG
dog,n02090379,ILSVRC2012_val_00002933.JPEG
dog,n02093754,ILSVRC2012_val_00003267.JPEG
dog,n02097474,ILSVRC2012_val_00004539.JPEG
dog,n02096051,ILSVRC2012_val_00004542.JPEG
dog,n02097130,ILSVRC2012_val_00004593.JPEG
dog,n02113624,ILSVRC2012_val_00005820.JPEG
dog,n02105641,ILSVRC2012_val_00005905.JPEG
dog,n02094433,ILSVRC2012_val_00005942.JPEG
dog,n02106030,ILSVRC2012_val_00007682.JPEG
dog,n02089867,ILSVRC2012_val_00007945.JPEG
dog,n02099712,ILSVRC2012_val_00009895.JPEG
dog,n02110627,ILSVRC2012_val_00009985.JPEG
dog,n02100236,ILSVRC2012_val_00010537.JPEG
dog,n02089867,ILSVRC2012_val_00010626.JPEG
dog,n02101556,ILSVRC2012_val_00011077.JPEG
dog,n02093256,ILSVRC2012_val_00011925.JPEG
dog,n02100877,ILSVRC2012_val_00012041.JPEG
dog,n02106662,ILSVRC2012_val_00012924.JPEG
dog,n02110063,ILSVRC2012_val_00013090.JPEG
dog,n02088238,ILSVRC2012_val_00013260.JPEG
dog,n02093256,ILSVRC2012_val_00013508.JPEG
dog,n02093428,ILSVRC2012_val_00014719.JPEG
dog,n02097474,ILSVRC2012_val_00016076.JPEG
dog,n02097298,ILSVRC2012_val_00017057.JPEG
dog,n02099849,ILSVRC2012_val_00017470.JPEG
dog,n02092002,ILSVRC2012_val_00018121.JPEG
dog,n02088364,ILSVRC2012_val_00018480.JPEG
dog,n02109047,ILSVRC2012_val_00018866.JPEG
dog,n02097298,ILSVRC2012_val_00018988.JPEG
dog,n02085782,ILSVRC2012_val_00019130.JPEG
dog,n02101388,ILSVRC2012_val_00020766.JPEG
dog,n02102040,ILSVRC2012_val_00021205.JPEG
dog,n02098105,ILSVRC2012_val_00021904.JPEG
dog,n02088632,ILSVRC2012_val_00022179.JPEG
dog,n02107142,ILSVRC2012_val_00023068.JPEG
dog,n02097047,ILSVRC2012_val_00023218.JPEG
dog,n02097047,ILSVRC2012_val_00023919.JPEG
dog,n02108915,ILSVRC2012_val_00024389.JPEG
dog,n02112706,ILSVRC2012_val_00024967.JPEG
dog,n02105641,ILSVRC2012_val_00025309.JPEG
dog,n02087394,ILSVRC2012_val_00027290.JPEG
dog,n02088364,ILSVRC2012_val_00027804.JPEG
dog,n02088364,ILSVRC2012_val_00027989.JPEG
dog,n02097130,ILSVRC2012_val_00029609.JPEG
dog,n02104365,ILSVRC2012_val_00029723.JPEG
dog,n02102480,ILSVRC2012_val_00030059.JPEG
dog,n02095889,ILSVRC2012_val_00030339.JPEG
dog,n02110806,ILSVRC2012_val_00032209.JPEG
dog,n02089973,ILSVRC2012_val_00033378.JPEG
dog,n02089867,ILSVRC2012_val_00034382.JPEG
dog,n02106550,ILSVRC2012_val_00034429.JPEG
dog,n02104365,ILSVRC2012_val_00035049.JPEG
dog,n02100583,ILSVRC2012_val_00035055.JPEG
dog,n02100877,ILSVRC2012_val_00035538.JPEG
dog,n02106382,ILSVRC2012_val_00035562.JPEG
dog,n02087394,ILSVRC2012_val_00036088.JPEG
dog,n02105162,ILSVRC2012_val_00036147.JPEG
dog,n02112706,ILSVRC2012_val_00037323.JPEG
dog,n02100877,ILSVRC2012_val_00038122.JPEG
dog,n02090379,ILSVRC2012_val_00038737.JPEG
dog,n02096051,ILSVRC2012_val_00039147.JPEG
dog,n02088466,ILSVRC2012_val_00039741.JPEG
dog,n02113799,ILSVRC2012_val_00040088.JPEG
dog,n02088238,ILSVRC2012_val_00040131.JPEG
dog,n02099267,ILSVRC2012_val_00040660.JPEG
dog,n02086079,ILSVRC2012_val_00041043.JPEG
dog,n02099429,ILSVRC2012_val_00041503.JPEG
dog,n02095314,ILSVRC2012_val_00041718.JPEG
dog,n02100877,ILSVRC2012_val_00041746.JPEG
dog,n02086646,ILSVRC2012_val_00041848.JPEG
dog,n02109525,ILSVRC2012_val_00042090.JPEG
dog,n02113023,ILSVRC2012_val_00042294.JPEG
dog,n02099849,ILSVRC2012_val_00042319.JPEG
dog,n02107142,ILSVRC2012_val_00043074.JPEG
dog,n02100583,ILSVRC2012_val_00043763.JPEG
dog,n02093647,ILSVRC2012_val_00044232.JPEG
dog,n02106382,ILSVRC2012_val_00044869.JPEG
dog,n02100583,ILSVRC2012_val_00045207.JPEG
dog,n02105251,ILSVRC2012_val_00046037.JPEG
dog,n02105056,ILSVRC2012_val_00046287.JPEG
dog,n02091467,ILSVRC2012_val_00046530.JPEG
dog,n02110063,ILSVRC2012_val_00046768.JPEG
dog,n02105505,ILSVRC2012_val_00046836.JPEG
dog,n02091831,ILSVRC2012_val_00047324.JPEG
dog,n02097130,ILSVRC2012_val_00047585.JPEG
dog,n02099429,ILSVRC2012_val_00048032.JPEG
dog,n02110806,ILSVRC2012_val_00049397.JPEG
dog,n02107683,ILSVRC2012_val_00049417.JPEG
dog,n02094114,ILSVRC2012_val_00049926.JPEG
dog,n02106166,ILSVRC2012_val_00049998.JPEG
elephant,n02504013,ILSVRC2012_val_00000597.JPEG
elephant,n02504458,ILSVRC2012_val_00001177.JPEG
elephant,n02504013,ILSVRC2012_val_00001850.JPEG
elephant,n02504458,ILSVRC2012_val_00001958.JPEG
elephant,n02504458,ILSVRC2012_val_00002282.JPEG
elephant,n02504458,ILSVRC2012_val_00002887.JPEG
elephant,n02504013,ILSVRC2012_val_00003280.JPEG
elephant,n02504458,ILSVRC2012_val_00003538.JPEG
elephant,n02504458,ILSVRC2012_val_00003747.JPEG
elephant,n02504458,ILSVRC2012_val_00004013.JPEG
elephant,n02504013,ILSVRC2012_val_00004882.JPEG
elephant,n02504458,ILSVRC2012_val_00004990.JPEG
elephant,n02504458,ILSVRC2012_val_00005109.JPEG
elephant,n02504013,ILSVRC2012_val_00005205.JPEG
elephant,n02504013,ILSVRC2012_val_00005704.JPEG
elephant,n02504458,ILSVRC2012_val_00007292.JPEG
elephant,n02504013,ILSVRC2012_val_00008093.JPEG
elephant,n02504013,ILSVRC2012_val_00009280.JPEG
elephant,n02504458,ILSVRC2012_val_00009638.JPEG
elephant,n02504458,ILSVRC2012_val_00010078.JPEG
elephant,n02504458,ILSVRC2012_val_00010196.JPEG
elephant,n02504458,ILSVRC2012_val_00010242.JPEG
elephant,n02504458,ILSVRC2012_val_00010619.JPEG
elephant,n02504013,ILSVRC2012_val_00010713.JPEG
elephant,n02504013,ILSVRC2012_val_00011002.JPEG
elephant,n02504013,ILSVRC2012_val_00011247.JPEG
elephant,n02504458,ILSVRC2012_val_00013193.JPEG
elephant,n02504013,ILSVRC2012_val_00013733.JPEG
elephant,n02504013,ILSVRC2012_val_00014219.JPEG
elephant,n02504013,ILSVRC2012_val_00014681.JPEG
elephant,n02504013,ILSVRC2012_val_00015520.JPEG
elephant,n02504458,ILSVRC2012_val_00015578.JPEG
elephant,n02504458,ILSVRC2012_val_00016215.JPEG
elephant,n02504458,ILSVRC2012_val_00017097.JPEG
elephant,n02504013,ILSVRC2012_val_00017415.JPEG
elephant,n02504013,ILSVRC2012_val_00017867.JPEG
elephant,n02504458,ILSVRC2012_val_00018201.JPEG
elephant,n02504458,ILSVRC2012_val_00018263.JPEG
elephant,n02504013,ILSVRC2012_val_00020120.JPEG
elephant,n02504013,ILSVRC2012_val_00020144.JPEG
elephant,n02504013,ILSVRC2012_val_00021237.JPEG
elephant,n02504013,ILSVRC2012_val_00021618.JPEG
elephant,n02504458,ILSVRC2012_val_00021712.JPEG
elephant,n02504458,ILSVRC2012_val_00021807.JPEG
elephant,n02504013,ILSVRC2012_val_00022028.JPEG
elephant,n02504013,ILSVRC2012_val_00022872.JPEG
elephant,n02504458,ILSVRC2012_val_00022907.JPEG
elephant,n02504013,ILSVRC2012_val_00022921.JPEG
elephant,n02504013,ILSVRC2012_val_00023398.JPEG
elephant,n02504458,ILSVRC2012_val_00023463.JPEG
elephant,n02504013,ILSVRC2012_val_00023589.JPEG
elephant,n02504013,ILSVRC2012_val_00025043.JPEG
elephant,n02504458,ILSVRC2012_val_00025072.JPEG
elephant,n02504013,ILSVRC2012_val_00025237.JPEG
elephant,n02504458,ILSVRC2012_val_00025941.JPEG
elephant,n02504013,ILSVRC2012_val_00027259.JPEG
elephant,n02504458,ILSVRC2012_val_00027908.JPEG
elephant,n02504013,ILSVRC2012_val_00028996.JPEG
elephant,n02504458,ILSVRC2012_val_00029453.JPEG
elephant,n02504013,ILSVRC2012_val_00030153.JPEG
elephant,n02504013,ILSVRC2012_val_00030248.JPEG
elephant,n02504458,ILSVRC2012_val_00030840.JPEG
elephant,n02504458,ILSVRC2012_val_00032404.JPEG
elephant,n02504458,ILSVRC2012_val_00032620.JPEG
elephant,n02504458,ILSVRC2012_val_00033235.JPEG
elephant,n02504013,ILSVRC2012_val_00033715.JPEG
elephant,n02504458,ILSVRC2012_val_00033832.JPEG
elephant,n02504013,ILSVRC2012_val_00033854.JPEG
elephant,n02504458,ILSVRC2012_val_00033861.JPEG
elephant,n02504013,ILSVRC2012_val_00034035.JPEG
elephant,n02504458,ILSVRC2012_val_00034527.JPEG
elephant,n02504458,ILSVRC2012_val_00034562.JPEG
elephant,n02504013,ILSVRC2012_val_00034664.JPEG
elephant,n02504013,ILSVRC2012_val_00034981.JPEG
elephant,n02504013,ILSVRC2012_val_00035137.JPEG
elephant,n02504013,ILSVRC2012_val_00035479.JPEG
elephant,n02504458,ILSVRC2012_val_00036121.JPEG
elephant,n02504458,ILSVRC2012_val_00036436.JPEG
elephant,n02504013,ILSVRC2012_val_00037615.JPEG
elephant,n02504458,ILSVRC2012_val_00037659.JPEG
elephant,n02504458,ILSVRC2012_val_00038578.JPEG
elephant,n02504013,ILSVRC2012_val_00038720.JPEG
elephant,n02504458,ILSVRC2012_val_00039678.JPEG
elephant,n02504013,ILSVRC2012_val_00040258.JPEG
elephant,n02504458,ILSVRC2012_val_00040375.JPEG
elephant,n02504013,ILSVRC2012_val_00040923.JPEG
elephant,n02504458,ILSVRC2012_val_00041799.JPEG
elephant,n02504013,ILSVRC2012_val_00042441.JPEG
elephant,n02504458,ILSVRC2012_val_00042879.JPEG
elephant,n02504013,ILSVRC2012_val_00043193.JPEG
elephant,n02504013,ILSVRC2012_val_00045103.JPEG
elephant,n02504458,ILSVRC2012_val_00046061.JPEG
elephant,n02504458,ILSVRC2012_val_00047534.JPEG
elephant,n02504458,ILSVRC2012_val_00047540.JPEG
elephant,n02504458,ILSVRC2012_val_00048108.JPEG
elephant,n02504013,ILSVRC2012_val_00048547.JPEG
elephant,n02504458,ILSVRC2012_val_00048781.JPEG
elephant,n02504013,ILSVRC2012_val_00049268.JPEG
elephant,n02504013,ILSVRC2012_val_00049390.JPEG
elephant,n02504013,ILSVRC2012_val_00049425.JPEG
keyboard,n04505470,ILSVRC2012_val_00000104.JPEG
keyboard,n03085013,ILSVRC2012_val_00000321.JPEG
keyboard,n04505470,ILSVRC2012_val_00000666.JPEG
keyboard,n03085013,ILSVRC2012_val_00000904.JPEG
keyboard,n04505470,ILSVRC2012_val_00000971.JPEG
keyboard,n03085013,ILSVRC2012_val_00001071.JPEG
keyboard,n03085013,ILSVRC2012_val_00001089.JPEG
keyboard,n04505470,ILSVRC2012_val_00001100.JPEG
keyboard,n04505470,ILSVRC2012_val_00001330.JPEG
keyboard,n03085013,ILSVRC2012_val_00001687.JPEG
keyboard,n03085013,ILSVRC2012_val_00002499.JPEG
keyboard,n03085013,ILSVRC2012_val_00002755.JPEG
keyboard,n04505470,ILSVRC2012_val_00003296.JPEG
keyboard,n03085013,ILSVRC2012_val_00004209.JPEG
keyboard,n04505470,ILSVRC2012_val_00005863.JPEG
keyboard,n03085013,ILSVRC2012_val_00006513.JPEG
keyboard,n03085013,ILSVRC2012_val_00007754.JPEG
keyboard,n04505470,ILSVRC2012_val_00007790.JPEG
keyboard,n04505470,ILSVRC2012_val_00007856.JPEG
keyboard,n04505470,ILSVRC2012_val_00008319.JPEG
keyboard,n03085013,ILSVRC2012_val_00008331.JPEG
keyboard,n04505470,ILSVRC2012_val_00008530.JPEG
keyboard,n04505470,ILSVRC2012_val_00008632.JPEG
keyboard,n04505470,ILSVRC2012_val_00009383.JPEG
keyboard,n03085013,ILSVRC2012_val_00009502.JPEG
keyboard,n04505470,ILSVRC2012_val_00011774.JPEG
keyboard,n04505470,ILSVRC2012_val_00012212.JPEG
keyboard,n04505470,ILSVRC2012_val_00012234.JPEG
keyboard,n03085013,ILSVRC2012_val_00012334.JPEG
keyboard,n03085013,ILSVRC2012_val_00012432.JPEG
keyboard,n03085013,ILSVRC2012_val_00012808.JPEG
keyboard,n04505470,ILSVRC2012_val_00013266.JPEG
keyboard,n04505470,ILSVRC2012_val_00013404.JPEG
keyboard,n03085013,ILSVRC2012_val_00014436.JPEG
keyboard,n04505470,ILSVRC2012_val_00015326.JPEG
keyboard,n03085013,ILSVRC2012_val_00015382.JPEG
keyboard,n04505470,ILSVRC2012_val_00015929.JPEG
keyboard,n04505470,ILSVRC2012_val_00016584.JPEG
keyboard,n04505470,ILSVRC2012_val_00018176.JPEG
keyboard,n03085013,ILSVRC2012_val_00018846.JPEG
keyboard,n03085013,ILSVRC2012_val_00018863.JPEG
keyboard,n04505470,ILSVRC2012_val_00019503.JPEG
keyboard,n03085013,ILSVRC2012_val_00020212.JPEG
keyboard,n03085013,ILSVRC2012_val_00020235.JPEG
keyboard,n04505470,ILSVRC2012_val_00020967.JPEG
keyboard,n04505470,ILSVRC2012_val_00021698.JPEG
keyboard,n03085013,ILSVRC2012_val_00021913.JPEG
keyboard,n04505470,ILSVRC2012_val_00022077.JPEG
keyboard,n03085013,ILSVRC2012_val_00023014.JPEG
keyboard,n04505470,ILSVRC2012_val_00025109.JPEG
keyboard,n03085013,ILSVRC2012_val_00025409.JPEG
keyboard,n04505470,ILSVRC2012_val_00026053.JPEG
keyboard,n03085013,ILSVRC2012_val_00026405.JPEG
keyboard,n03085013,ILSVRC2012_val_00026428.JPEG
keyboard,n03085013,ILSVRC2012_val_00027154.JPEG
keyboard,n03085013,ILSVRC2012_val_00027181.JPEG
keyboard,n03085013,ILSVRC2012_val_00027307.JPEG
keyboard,n04505470,ILSVRC2012_val_00027544.JPEG
keyboard,n04505470,ILSVRC2012_val_00028169.JPEG
keyboard,n04505470,ILSVRC2012_val_00028754.JPEG
keyboard,n03085013,ILSVRC2012_val_00029239.JPEG
keyboard,n04505470,ILSVRC2012_val_00029282.JPEG
keyboard,n03085013,ILSVRC2012_val_00030993.JPEG
keyboard,n03085013,ILSVRC2012_val_00032810.JPEG
keyboard,n03085013,ILSVRC2012_val_00032961.JPEG
keyboard,n03085013,ILSVRC2012_val_00033563.JPEG
keyboard,n03085013,ILSVRC2012_val_00035446.JPEG
keyboard,n03085013,ILSVRC2012_val_00035703.JPEG
keyboard,n03085013,ILSVRC2012_val_00035954.JPEG
keyboard,n04505470,ILSVRC2012_val_00036727.JPEG
keyboard,n04505470,ILSVRC2012_val_00036957.JPEG
keyboard,n04505470,ILSVRC2012_val_00037048.JPEG
keyboard,n04505470,ILSVRC2012_val_00037986.JPEG
keyboard,n03085013,ILSVRC2012_val_00038711.JPEG
keyboard,n04505470,ILSVRC2012_val_00039947.JPEG
keyboard,n03085013,ILSVRC2012_val_00039987.JPEG
keyboard,n03085013,ILSVRC2012_val_00041299.JPEG
keyboard,n03085013,ILSVRC2012_val_00041349.JPEG
keyboard,n04505470,ILSVRC2012_val_00041420.JPEG
keyboard,n03085013,ILSVRC2012_val_00042686.JPEG
keyboard,n03085013,ILSVRC2012_val_00042867.JPEG
keyboard,n04505470,ILSVRC2012_val_00042910.JPEG
keyboard,n03085013,ILSVRC2012_val_00044090.JPEG
keyboard,n04505470,ILSVRC2012_val_00044306.JPEG
keyboard,n04505470,ILSVRC2012_val_00044703.JPEG
keyboard,n04505470,ILSVRC2012_val_00044775.JPEG
keyboard,n04505470,ILSVRC2012_val_00044924.JPEG
keyboard,n03085013,ILSVRC2012_val_00045039.JPEG
keyboard,n04505470,ILSVRC2012_val_00045117.JPEG
keyboard,n03085013,ILSVRC2012_val_00045473.JPEG
keyboard,n03085013,ILSVRC2012_val_00046306.JPEG
keyboard,n04505470,ILSVRC2012_val_00046342.JPEG
keyboard,n04505470,ILSVRC2012_val_00046984.JPEG
keyboard,n04505470,ILSVRC2012_val_00047371.JPEG
keyboard,n03085013,ILSVRC2012_val_00047453.JPEG
keyboard,n03085013,ILSVRC2012_val_00048307.JPEG
keyboard,n04505470,ILSVRC2012_val_00048598.JPEG
keyboard,n03085013,ILSVRC2012_val_00049596.JPEG
keyboard,n04505470,ILSVRC2012_val_00049808.JPEG
keyboard,n04505470,ILSVRC2012_val_00049917.JPEG
knife,n03041632,ILSVRC2012_val_00000564.JPEG
knife,n03041632,ILSVRC2012_val_00000582.JPEG
knife,n03041632,ILSVRC2012_val_00001964.JPEG
knife,n03041632,ILSVRC2012_val_00002212.JPEG
knife,n03041632,ILSVRC2012_val_00003462.JPEG
knife,n03041632,ILSVRC2012_val_00004379.JPEG
knife,n03041632,ILSVRC2012_val_00004815.JPEG
knife,n03041632,ILSVRC2012_val_00006102.JPEG
knife,n03041632,ILSVRC2012_val_00008526.JPEG
knife,n03041632,ILSVRC2012_val_00009160.JPEG
knife,n03041632,ILSVRC2012_val_00009367.JPEG
knife,n03041632,ILSVRC2012_val_00009369.JPEG
knife,n03041632,ILSVRC2012_val_00010577.JPEG
knife,n03041632,ILSVRC2012_val_00010886.JPEG
knife,n03041632,ILSVRC2012_val_00011081.JPEG
knife,n03041632,ILSVRC2012_val_00012885.JPEG
knife,n03041632,ILSVRC2012_val_00014528.JPEG
knife,n03041632,ILSVRC2012_val_00014608.JPEG
knife,n03041632,ILSVRC2012_val_00014960.JPEG
knife,n03041632,ILSVRC2012_val_00015679.JPEG
knife,n03041632,ILSVRC2012_val_00016901.JPEG
knife,n03041632,ILSVRC2012_val_00019358.JPEG
knife,n03041632,ILSVRC2012_val_00020998.JPEG
knife,n03041632,ILSVRC2012_val_00021297.JPEG
knife,n03041632,ILSVRC2012_val_00022700.JPEG
knife,n03041632,ILSVRC2012_val_00024520.JPEG
knife,n03041632,ILSVRC2012_val_00025279.JPEG
knife,n03041632,ILSVRC2012_val_00026439.JPEG
knife,n03041632,ILSVRC2012_val_00026505.JPEG
knife,n03041632,ILSVRC2012_val_00027427.JPEG
knife,n03041632,ILSVRC2012_val_00027474.JPEG
knife,n03041632,ILSVRC2012_val_00027812.JPEG
knife,n03041632,ILSVRC2012_val_00028494.JPEG
knife,n03041632,ILSVRC2012_val_00029248.JPEG
knife,n03041632,ILSVRC2012_val_00029833.JPEG
knife,n03041632,ILSVRC2012_val_00034599.JPEG
knife,n03041632,ILSVRC2012_val_00034765.JPEG
knife,n03041632,ILSVRC2012_val_00037845.JPEG
knife,n03041632,ILSVRC2012_val_00038320.JPEG
knife,n03041632,ILSVRC2012_val_00038348.JPEG
knife,n03041632,ILSVRC2012_val_00038966.JPEG
knife,n03041632,ILSVRC2012_val_00039665.JPEG
knife,n03041632,ILSVRC2012_val_00039826.JPEG
knife,n03041632,ILSVRC2012_val_00040170.JPEG
knife,n03041632,ILSVRC2012_val_00041660.JPEG
knife,n03041632,ILSVRC2012_val_00045197.JPEG
knife,n03041632,ILSVRC2012_val_00046361.JPEG
knife,n03041632,ILSVRC2012_val_00048029.JPEG
knife,n03041632,ILSVRC2012_val_00048820.JPEG
knife,n03041632,ILSVRC2012_val_00048891.JPEG
oven,n04111531,ILSVRC2012_val_00001625.JPEG
oven,n04111531,ILSVRC2012_val_00002517.JPEG
oven,n04111531,ILSVRC2012_val_00002864.JPEG
oven,n04111531,ILSVRC2012_val_00003075.JPEG
oven,n04111531,ILSVRC2012_val_00004125.JPEG
oven,n04111531,ILSVRC2012_val_00004891.JPEG
oven,n04111531,ILSVRC2012_val_00005817.JPEG
oven,n04111531,ILSVRC2012_val_00007052.JPEG
oven,n04111531,ILSVRC2012_val_00007132.JPEG
oven,n04111531,ILSVRC2012_val_00010367.JPEG
oven,n04111531,ILSVRC2012_val_00010717.JPEG
oven,n04111531,ILSVRC2012_val_00010756.JPEG
oven,n04111531,ILSVRC2012_val_00011779.JPEG
oven,n04111531,ILSVRC2012_val_00012082.JPEG
oven,n04111531,ILSVRC2012_val_00013982.JPEG
oven,n04111531,ILSVRC2012_val_00014839.JPEG
oven,n04111531,ILSVRC2012_val_00015514.JPEG
oven,n04111531,ILSVRC2012_val_00017795.JPEG
oven,n04111531,ILSVRC2012_val_00017971.JPEG
oven,n04111531,ILSVRC2012_val_00019568.JPEG
oven,n04111531,ILSVRC2012_val_00019775.JPEG
oven,n04111531,ILSVRC2012_val_00020361.JPEG
oven,n04111531,ILSVRC2012_val_00020809.JPEG
oven,n04111531,ILSVRC2012_val_00021187.JPEG
oven,n04111531,ILSVRC2012_val_00022348.JPEG
oven,n04111531,ILSVRC2012_val_00022397.JPEG
oven,n04111531,ILSVRC2012_val_00024603.JPEG
oven,n04111531,ILSVRC2012_val_00025917.JPEG
oven,n04111531,ILSVRC2012_val_00028472.JPEG
oven,n04111531,ILSVRC2012_val_00028507.JPEG
oven,n04111531,ILSVRC2012_val_00029125.JPEG
oven,n04111531,ILSVRC2012_val_00029341.JPEG
oven,n04111531,ILSVRC2012_val_00031595.JPEG
oven,n04111531,ILSVRC2012_val_00033304.JPEG
oven,n04111531,ILSVRC2012_val_00034788.JPEG
oven,n04111531,ILSVRC2012_val_00035817.JPEG
oven,n04111531,ILSVRC2012_val_00037357.JPEG
oven,n04111531,ILSVRC2012_val_00038011.JPEG
oven,n04111531,ILSVRC2012_val_00038382.JPEG
oven,n04111531,ILSVRC2012_val_00038775.JPEG
oven,n04111531,ILSVRC2012_val_00039789.JPEG
oven,n04111531,ILSVRC2012_val_00039873.JPEG
oven,n04111531,ILSVRC2012_val_00041628.JPEG
oven,n04111531,ILSVRC2012_val_00041974.JPEG
oven,n04111531,ILSVRC2012_val_00045813.JPEG
oven,n04111531,ILSVRC2012_val_00046020.JPEG
oven,n04111531,ILSVRC2012_val_00047123.JPEG
oven,n04111531,ILSVRC2012_val_00048271.JPEG
oven,n04111531,ILSVRC2012_val_00048848.JPEG
oven,n04111531,ILSVRC2012_val_00049391.JPEG
truck,n04467665,ILSVRC2012_val_00000187.JPEG
truck,n03796401,ILSVRC2012_val_00000434.JPEG
truck,n03930630,ILSVRC2012_val_00001156.JPEG
truck,n03417042,ILSVRC2012_val_00002210.JPEG
truck,n04461696,ILSVRC2012_val_00002888.JPEG
truck,n03417042,ILSVRC2012_val_00004119.JPEG
truck,n03977966,ILSVRC2012_val_00004130.JPEG
truck,n03977966,ILSVRC2012_val_00004211.JPEG
truck,n03417042,ILSVRC2012_val_00005094.JPEG
truck,n04467665,ILSVRC2012_val_00005130.JPEG
truck,n03977966,ILSVRC2012_val_00005345.JPEG
truck,n03796401,ILSVRC2012_val_00005422.JPEG
truck,n03417042,ILSVRC2012_val_00007519.JPEG
truck,n03345487,ILSVRC2012_val_00008012.JPEG
truck,n03930630,ILSVRC2012_val_00008606.JPEG
truck,n03796401,ILSVRC2012_val_00008879.JPEG
truck,n03977966,ILSVRC2012_val_00008953.JPEG
truck,n03770679,ILSVRC2012_val_00010587.JPEG
truck,n03770679,ILSVRC2012_val_00012490.JPEG
truck,n03417042,ILSVRC2012_val_00013925.JPEG
truck,n03770679,ILSVRC2012_val_00013987.JPEG
truck,n04467665,ILSVRC2012_val_00014564.JPEG
truck,n03770679,ILSVRC2012_val_00016053.JPEG
truck,n04467665,ILSVRC2012_val_00016410.JPEG
truck,n03770679,ILSVRC2012_val_00016431.JPEG
truck,n03770679,ILSVRC2012_val_00016527.JPEG
truck,n03930630,ILSVRC2012_val_00017152.JPEG
truck,n04467665,ILSVRC2012_val_00018084.JPEG
truck,n03345487,ILSVRC2012_val_00019954.JPEG
truck,n03977966,ILSVRC2012_val_00020382.JPEG
truck,n03345487,ILSVRC2012_val_00020483.JPEG
truck,n03417042,ILSVRC2012_val_00021253.JPEG
truck,n04467665,ILSVRC2012_val_00021567.JPEG
truck,n03930630,ILSVRC2012_val_00021802.JPEG
truck,n04461696,ILSVRC2012_val_00021814.JPEG
truck,n03417042,ILSVRC2012_val_00022172.JPEG
truck,n04461696,ILSVRC2012_val_00022323.JPEG
truck,n03977966,ILSVRC2012_val_00022807.JPEG
truck,n03977966,ILSVRC2012_val_00023323.JPEG
truck,n04461696,ILSVRC2012_val_00023473.JPEG
truck,n03770679,ILSVRC2012_val_00024170.JPEG
truck,n03930630,ILSVRC2012_val_00024317.JPEG
truck,n03770679,ILSVRC2012_val_00024550.JPEG
truck,n03417042,ILSVRC2012_val_00024560.JPEG
truck,n03977966,ILSVRC2012_val_00024761.JPEG
truck,n03930630,ILSVRC2012_val_00025131.JPEG
truck,n03345487,ILSVRC2012_val_00025134.JPEG
truck,n04467665,ILSVRC2012_val_00025592.JPEG
truck,n03345487,ILSVRC2012_val_00025838.JPEG
truck,n04461696,ILSVRC2012_val_00026004.JPEG
truck,n03930630,ILSVRC2012_val_00026079.JPEG
truck,n03930630,ILSVRC2012_val_00026503.JPEG
truck,n03930630,ILSVRC2012_val_00026743.JPEG
truck,n03770679,ILSVRC2012_val_00026907.JPEG
truck,n03417042,ILSVRC2012_val_00027110.JPEG
truck,n03930630,ILSVRC2012_val_00027997.JPEG
truck,n04467665,ILSVRC2012_val_00029849.JPEG
truck,n03977966,ILSVRC2012_val_00030038.JPEG
truck,n04467665,ILSVRC2012_val_00030438.JPEG
truck,n03977966,ILSVRC2012_val_00030765.JPEG
truck,n04461696,ILSVRC2012_val_00031256.JPEG
truck,n03417042,ILSVRC2012_val_00031313.JPEG
truck,n03770679,ILSVRC2012_val_00032380.JPEG
truck,n04467665,ILSVRC2012_val_00032726.JPEG
truck,n03977966,ILSVRC2012_val_00033376.JPEG
truck,n04467665,ILSVRC2012_val_00033387.JPEG
truck,n04467665,ILSVRC2012_val_00033485.JPEG
truck,n03930630,ILSVRC2012_val_00033589.JPEG
truck,n03796401,ILSVRC2012_val_00033804.JPEG
truck,n03417042,ILSVRC2012_val_00034078.JPEG
truck,n03977966,ILSVRC2012_val_00035221.JPEG
truck,n03796401,ILSVRC2012_val_00035500.JPEG
truck,n03930630,ILSVRC2012_val_00035897.JPEG
truck,n03796401,ILSVRC2012_val_00036699.JPEG
truck,n03930630,ILSVRC2012_val_00037136.JPEG
truck,n03930630,ILSVRC2012_val_00038049.JPEG
truck,n03770679,ILSVRC2012_val_00038133.JPEG
truck,n03796401,ILSVRC2012_val_00038712.JPEG
truck,n03417042,ILSVRC2012_val_00039069.JPEG
truck,n03930630,ILSVRC2012_val_00039120.JPEG
truck,n03345487,ILSVRC2012_val_00039248.JPEG
truck,n04461696,ILSVRC2012_val_00039347.JPEG
truck,n03796401,ILSVRC2012_val_00040512.JPEG
truck,n03930630,ILSVRC2012_val_00041314.JPEG
truck,n03796401,ILSVRC2012_val_00042157.JPEG
truck,n03417042,ILSVRC2012_val_00042487.JPEG
truck,n03417042,ILSVRC2012_val_00042802.JPEG
truck,n03345487,ILSVRC2012_val_00043256.JPEG
truck,n03796401,ILSVRC2012_val_00043346.JPEG
truck,n03417042,ILSVRC2012_val_00043909.JPEG
truck,n03770679,ILSVRC2012_val_00044089.JPEG
truck,n03417042,ILSVRC2012_val_00044888.JPEG
truck,n03930630,ILSVRC2012_val_00045071.JPEG
truck,n04461696,ILSVRC2012_val_00046973.JPEG
truck,n03417042,ILSVRC2012_val_00047189.JPEG
truck,n03345487,ILSVRC2012_val_00047461.JPEG
truck,n03930630,ILSVRC2012_val_00047676.JPEG
truck,n03345487,ILSVRC2012_val_00048156.JPEG
truck,n03796401,ILSVRC2012_val_00048418.JPEG
truck,n03770679,ILSVRC2012_val_00048444.JPEG
